call_failure,complains,charge_amount,seconds_of_use,frequency_of_SMS,distinct_called_numbers,age_group,tariff_plan,status,customer_value,churn
8,0,0,4370,5,17,3,1,1,197.64,0
0,0,0,318,7,4,2,1,2,46.035,0
10,0,0,2453,359,24,3,1,1,1536.52,0
10,0,0,4198,1,35,1,1,1,240.02,0
3,0,0,2393,2,33,1,1,1,145.805,0
11,0,1,3775,32,28,3,1,1,282.28,0
4,0,0,2360,285,18,3,1,1,1235.96,0
13,0,2,9115,144,43,3,1,1,945.44,0
7,0,0,13773,0,44,3,1,1,557.68,0
7,0,1,4515,2,25,3,1,1,191.92,0
6,0,0,5918,7,12,3,1,1,268.52,0
9,0,0,2238,8,17,3,1,2,123.68,0
25,0,3,15140,54,32,3,1,1,830.6,0
4,0,1,3095,483,8,3,1,1,2056.88,0
9,0,0,15485,150,30,2,1,1,1380.015,0
3,0,1,6500,186,26,3,1,1,1007.44,0
0,0,0,875,0,11,2,1,2,40.005,1
2,0,0,710,13,8,3,1,2,80.96,0
3,0,0,7508,384,43,2,1,1,2071.575,0
7,0,1,11465,11,47,4,1,1,317.975,0
8,0,1,6718,108,37,2,1,1,791.685,0
23,1,0,955,16,17,2,1,2,117.09,1
21,1,8,10435,1,42,5,2,1,159.42,0
13,1,1,5818,26,24,2,1,1,383.22,1
1,0,0,2840,0,14,3,1,1,114.48,0
9,0,0,2990,9,16,3,1,2,157.24,1
9,1,0,2268,34,31,3,1,2,228.48,1
0,0,0,133,0,2,3,1,2,5.4,1
1,0,0,1668,0,6,3,1,1,67.72,0
3,0,1,6785,14,22,5,1,1,124.23,0
0,1,0,628,9,4,4,1,2,38.375,1
0,0,1,338,4,2,5,1,1,11.13,0
25,0,3,16075,0,80,2,2,1,734.085,0
6,0,3,6965,271,33,2,2,1,1538.145,0
2,0,0,3718,2,28,2,1,1,180.0,0
3,0,0,1665,38,20,3,1,2,220.36,0
6,0,0,2780,175,23,2,1,1,914.985,0
4,0,1,1315,193,11,2,2,1,929.295,0
4,0,0,1568,30,68,4,1,1,115.175,0
11,0,0,700,10,7,2,1,2,77.625,0
0,0,0,825,21,3,4,1,2,73.375,1
10,0,0,1225,19,13,2,1,1,142.065,0
2,0,0,3225,8,23,3,1,1,163.44,0
2,0,0,1695,28,14,2,1,1,203.445,0
16,0,1,6393,85,42,2,2,1,676.53,0
12,0,0,8933,73,40,4,1,1,410.1,0
8,0,3,2853,31,19,3,2,1,239.92,0
2,0,1,4390,215,10,3,1,1,1037.2,0
3,0,1,1488,0,7,3,1,1,60.28,1
11,0,1,4430,10,19,3,1,1,220.16,0
3,0,1,378,12,6,3,1,1,63.44,0
13,0,1,2513,364,26,3,1,1,1559.04,0
13,0,1,4258,6,37,1,1,1,270.985,0
6,0,1,2453,7,35,2,1,1,144.63,0
14,0,2,3835,37,30,3,2,1,304.8,0
7,0,1,2420,290,20,3,1,1,1258.48,0
16,0,3,9175,149,45,3,1,1,967.96,0
10,0,1,13833,5,46,3,1,1,580.2,0
10,0,2,4575,7,27,3,1,1,214.44,0
9,0,1,5978,12,14,3,1,1,291.04,0
12,0,1,2298,13,19,3,1,1,146.2,0
28,0,4,15200,59,34,3,1,1,853.12,0
7,0,2,3155,488,10,3,1,1,2079.4,0
12,0,1,15545,155,32,2,1,1,1405.35,0
6,0,2,6560,191,28,3,1,1,1029.96,0
3,0,1,935,5,13,2,1,1,65.34,0
5,0,1,770,18,10,3,1,1,103.48,0
3,1,1,60,5,2,2,1,1,25.335,1
6,0,1,7568,389,45,3,1,1,1863.92,0
10,0,2,11525,16,49,4,2,1,332.05,0
11,0,2,6778,113,39,2,1,1,817.02,0
26,1,1,1015,21,19,3,1,1,126.6,1
24,1,9,10495,6,44,5,2,1,167.865,0
16,0,2,5878,31,26,2,1,1,408.555,0
4,0,1,2900,5,16,3,1,1,137.0,0
12,0,1,3050,14,18,3,1,1,179.76,1
12,1,1,2328,39,33,3,1,1,251.0,1
3,0,1,193,5,4,3,1,1,27.92,1
4,0,1,1728,5,8,4,1,1,56.4,0
6,0,2,6845,19,24,5,1,1,132.675,0
3,0,1,688,14,6,4,1,1,52.45,1
3,0,2,398,9,4,5,1,1,19.575,0
28,0,4,16135,5,82,2,1,1,759.42,0
9,1,4,7025,276,35,3,2,1,1389.76,0
5,0,1,3778,7,30,3,1,1,182.52,0
6,0,1,1725,43,22,3,1,1,242.88,0
9,0,1,2840,180,25,2,1,1,940.32,0
7,0,2,1375,198,13,3,2,1,848.56,0
7,0,1,1628,35,70,4,1,1,129.25,0
14,0,1,760,15,9,3,1,1,91.52,0
3,0,1,885,26,5,4,1,1,87.45,0
13,0,1,1285,24,15,2,1,1,167.4,0
5,0,1,3285,13,25,3,1,1,185.96,0
5,0,1,1755,33,16,2,1,1,228.78,0
19,0,2,6453,90,44,2,2,1,701.865,0
15,0,1,8993,78,42,5,1,1,254.505,0
11,0,4,2913,36,21,3,1,1,262.44,0
5,0,2,4450,220,12,3,1,1,1059.72,0
6,1,2,1548,5,9,3,1,1,82.8,1
5,0,0,4310,0,15,2,1,1,197.01,0
0,0,0,258,2,2,2,1,2,20.7,0
7,0,0,2393,354,22,2,1,1,1703.25,0
7,0,0,4138,0,33,1,1,1,231.055,0
0,0,0,2333,0,31,1,1,1,131.34,0
8,0,0,3715,27,26,3,1,1,259.76,0
1,0,0,2300,280,16,3,1,1,1213.44,0
10,0,1,9055,139,41,3,1,1,922.92,0
4,0,0,13713,0,42,3,1,1,555.16,0
4,0,0,4455,0,23,3,1,1,181.4,0
3,0,0,5858,2,10,2,1,1,276.75,0
6,1,0,2178,3,15,3,1,2,101.16,0
22,0,2,15080,49,30,3,1,1,808.08,0
1,0,0,3035,478,6,3,1,1,2034.36,0
6,0,0,15425,145,28,2,1,1,1354.68,0
0,0,0,6440,181,24,3,1,1,984.92,0
0,0,0,815,0,9,2,1,2,37.17,0
0,0,0,650,8,6,2,1,2,65.745,0
0,0,0,7448,379,41,2,1,1,2046.24,0
4,0,0,11405,6,45,3,1,1,486.24,0
5,0,0,6658,103,35,2,1,1,766.35,0
20,0,0,895,11,15,2,1,2,91.755,1
18,0,7,10375,0,40,4,1,1,261.625,0
10,0,0,5758,21,22,2,1,1,357.885,1
0,0,0,2780,0,12,3,1,1,111.96,0
6,0,0,2930,4,14,2,1,2,151.56,1
6,1,0,2208,29,29,3,1,2,205.96,1
0,0,0,1608,0,4,3,1,1,65.2,0
0,0,0,6725,9,20,4,1,1,192.975,0
0,0,0,568,4,2,4,1,2,24.3,1
22,0,2,16015,0,78,2,1,1,731.25,0
3,0,2,6905,266,31,2,2,1,1512.81,0
0,0,0,3658,0,26,2,1,1,168.165,0
0,0,0,1605,33,18,3,1,2,197.84,0
3,0,0,2720,170,21,2,1,1,889.65,0
1,0,0,1255,188,9,2,2,1,903.96,0
1,0,0,1508,25,66,4,1,1,101.1,0
8,0,0,640,5,5,2,1,2,52.29,0
0,1,0,765,16,1,4,1,2,59.3,1
7,0,0,1165,14,11,2,1,1,116.73,0
0,0,0,3165,3,21,3,1,1,140.92,0
0,0,0,1635,23,12,2,1,1,178.11,0
13,0,0,6333,80,40,1,2,1,795.905,0
9,0,0,8873,68,38,4,1,1,396.025,0
5,0,2,2793,26,17,3,1,1,217.4,0
0,0,0,4330,210,8,3,1,1,1014.68,0
0,0,0,1428,0,5,3,1,1,57.76,1
9,0,1,4450,15,21,3,1,1,240.92,0
1,1,0,398,17,8,3,1,2,84.2,1
11,0,1,2533,369,28,3,1,1,1579.8,0
11,0,1,4278,11,39,1,1,1,299.53,0
4,0,1,2473,12,37,2,1,1,167.985,0
12,0,2,3855,42,32,3,1,1,325.56,0
5,0,1,2440,295,22,3,1,1,1279.24,0
14,0,3,9195,154,47,3,1,1,988.72,0
8,0,1,13853,10,48,3,1,1,600.96,0
8,0,2,4595,12,29,3,1,1,235.2,0
7,0,1,5998,17,16,3,1,1,311.8,0
10,0,0,2318,18,21,3,1,2,166.96,0
26,0,4,15220,64,36,3,2,1,873.88,0
5,0,2,3175,493,12,3,1,1,2100.16,0
10,0,1,15565,160,34,2,1,1,1428.705,0
4,0,2,6580,196,30,3,1,1,1050.72,0
1,0,0,955,10,15,2,1,2,88.695,0
3,0,0,790,23,12,3,1,2,124.24,0
1,0,0,80,10,4,2,1,2,48.69,1
4,0,1,7588,394,47,3,1,1,1884.68,0
8,0,2,11545,21,51,4,1,1,345.025,0
9,0,2,6798,118,41,2,1,1,840.375,0
24,1,0,1035,26,21,3,1,2,147.36,1
22,1,9,10515,11,46,5,1,1,175.65,0
14,0,2,5898,36,28,2,1,1,431.91,1
2,0,1,2920,10,18,3,1,1,157.76,0
10,0,0,3070,19,20,3,1,2,200.52,1
10,1,0,2348,44,35,3,1,2,271.76,1
1,0,0,213,10,6,3,1,2,48.68,1
2,0,1,1748,10,10,4,1,1,69.375,0
4,0,2,6865,24,26,5,1,1,140.46,0
1,1,0,708,19,8,4,1,2,65.425,1
1,0,2,418,14,6,5,1,1,27.36,0
26,0,4,16155,10,84,2,1,1,782.775,0
7,1,4,7045,281,37,2,2,1,1586.835,0
3,0,1,3798,12,32,3,1,1,203.28,0
4,0,0,1745,48,24,3,1,2,263.64,0
7,0,1,2860,185,27,2,1,1,963.675,0
5,0,2,1395,203,15,2,2,1,977.985,0
5,0,1,1648,40,72,4,1,1,142.225,0
12,0,0,780,20,11,3,1,2,112.28,0
1,0,0,905,31,7,4,1,2,100.425,0
11,0,1,1305,29,17,2,1,1,190.755,0
3,0,1,3305,18,27,3,1,1,206.72,0
3,0,1,1775,38,18,2,1,1,252.135,0
17,0,2,6473,95,46,2,2,1,725.22,0
13,0,1,9013,83,44,5,1,1,262.29,0
9,0,4,2933,41,23,3,1,1,283.2,0
3,0,2,4470,225,14,3,1,1,1080.48,0
4,0,2,1568,10,11,3,1,1,103.56,1
7,0,0,4290,0,13,2,1,1,196.155,0
9,0,0,2373,349,20,2,1,1,1679.895,0
9,0,0,4118,0,31,1,1,1,230.01,0
2,0,0,2313,0,29,1,1,1,130.295,0
10,0,0,3695,22,24,3,1,1,239.0,0
3,0,0,2280,275,14,3,1,1,1192.68,0
12,0,1,9035,134,39,3,1,1,902.16,0
6,0,0,13693,0,40,3,1,1,554.4,0
6,0,0,4435,0,21,3,1,1,180.64,0
5,0,0,5838,0,8,2,1,1,266.895,0
8,0,0,2158,0,13,3,1,2,88.4,0
24,0,2,15060,44,28,3,1,1,787.32,0
3,0,0,3015,473,4,3,1,1,2013.6,0
8,0,0,15405,140,26,2,1,1,1331.325,0
2,0,0,6420,176,22,3,1,1,964.16,0
0,0,0,795,0,7,2,1,2,36.315,0
1,0,0,630,3,4,2,1,2,42.39,0
2,0,0,7428,374,39,2,1,1,2022.885,0
6,0,0,11385,1,43,3,1,1,465.48,0
7,0,0,6638,98,33,2,1,1,742.995,0
22,0,0,875,6,13,2,1,2,68.4,1
20,0,7,10355,0,38,4,1,1,261.15,0
12,1,0,5738,16,20,2,1,1,334.53,1
0,0,0,2760,0,10,3,1,1,111.2,0
8,1,0,2910,0,12,3,1,2,117.96,1
8,0,0,2188,24,27,3,1,2,185.2,1
0,0,0,1588,0,2,3,1,1,64.44,0
2,0,0,6705,4,18,4,1,1,180.0,0
24,0,2,15995,0,76,2,1,1,730.395,0
5,0,2,6885,261,29,2,2,1,1489.455,0
1,0,0,3638,0,24,2,1,1,167.31,0
2,0,0,1585,28,16,3,1,2,177.08,0
5,0,0,2700,165,19,2,1,1,866.295,0
3,0,0,1235,183,7,2,2,1,880.605,0
3,0,0,1488,20,64,4,1,1,88.125,0
10,0,0,620,0,3,2,1,2,28.935,0
0,0,0,0,11,0,4,1,2,27.5,0
9,0,0,1145,9,9,2,1,1,93.375,0
1,0,0,3145,0,19,3,1,1,128.16,0
1,0,0,1615,18,10,2,1,1,154.755,0
15,0,0,6313,75,38,1,2,1,767.36,0
11,0,0,8853,63,36,4,1,1,383.05,0
7,0,2,2773,21,15,3,1,1,196.64,0
1,0,0,4310,205,6,3,1,1,993.92,0
2,0,0,1408,0,3,3,1,1,57.0,1
13,0,1,4630,20,23,3,1,1,268.44,0
5,0,0,578,22,10,3,1,2,111.72,0
15,0,1,2713,374,30,3,1,1,1607.32,0
15,0,1,4458,16,41,1,1,1,337.37,0
8,0,1,2653,17,39,2,1,1,198.945,0
16,0,2,4035,47,34,3,1,1,353.08,0
9,0,1,2620,300,24,3,1,1,1306.76,0
18,0,3,9375,159,49,3,1,1,1016.24,0
12,0,1,14033,15,50,3,1,1,628.48,0
12,0,2,4775,17,31,3,1,1,262.72,0
11,0,1,6178,22,18,3,1,1,339.32,0
14,1,0,2498,23,23,3,1,2,194.48,0
30,0,4,15400,69,38,3,1,1,901.4,0
9,0,2,3355,498,14,3,1,1,2127.68,0
14,0,1,15745,165,36,2,1,1,1459.665,0
8,0,2,6760,201,32,3,1,1,1078.24,0
5,0,0,1135,15,17,2,1,2,119.655,0
7,0,0,970,28,14,3,1,2,151.76,0
5,0,0,260,15,6,2,1,2,79.65,1
8,0,1,7768,399,49,3,1,1,1912.2,0
12,0,2,11725,26,53,4,1,1,362.225,0
13,0,2,6978,123,43,2,1,1,871.335,0
28,1,0,1215,31,23,3,1,2,174.88,1
26,0,9,10695,16,48,5,2,1,185.97,0
18,0,2,6078,41,30,2,1,1,462.87,0
6,0,1,3100,15,20,3,1,1,185.28,0
14,1,0,3250,24,22,3,1,2,228.04,1
14,1,0,2528,49,37,4,1,2,187.05,1
5,0,0,393,15,8,3,1,2,76.2,1
6,0,1,1928,15,12,4,1,1,86.575,0
8,0,2,7045,29,28,5,1,1,150.78,0
5,0,0,888,24,10,4,1,2,82.625,1
5,0,2,598,19,8,5,1,1,37.68,0
30,1,4,16335,15,86,2,1,1,813.735,0
11,1,4,7225,286,39,3,2,1,1438.04,0
7,0,1,3978,17,34,3,1,1,230.8,0
8,0,0,1925,53,26,3,1,2,291.16,0
11,0,1,3040,190,29,2,1,1,994.635,0
9,0,2,1575,208,17,3,2,1,896.84,0
9,0,1,1828,45,74,5,1,1,95.655,0
16,0,0,960,25,13,3,1,2,139.8,0
5,0,0,1085,36,9,4,1,2,117.625,0
15,0,1,1485,34,19,2,1,1,221.715,0
7,0,1,3485,23,29,3,1,1,234.24,0
7,0,1,1955,43,20,3,1,1,251.64,0
21,0,2,6653,100,48,2,2,1,756.18,0
17,0,1,9193,88,46,5,1,1,272.61,0
13,0,4,3113,46,25,3,1,1,310.72,0
7,0,2,4650,230,16,3,1,1,1108.0,0
8,1,2,1748,15,13,3,1,1,131.08,1
3,0,0,4110,0,11,2,1,1,187.695,0
5,0,0,2193,344,18,2,1,1,1648.935,0
5,0,0,3938,0,29,1,1,1,219.67,0
0,0,0,2133,0,27,1,1,1,119.955,0
6,0,0,3515,17,22,2,1,1,237.915,0
0,0,0,2100,270,12,3,1,1,1165.16,0
8,0,1,8855,129,37,3,1,1,874.64,0
2,0,0,13513,0,38,3,1,1,546.88,0
2,0,0,4255,0,19,3,1,1,173.12,0
1,0,0,5658,0,6,2,1,1,258.435,0
4,0,0,1978,0,11,3,1,2,80.88,0
20,0,2,14880,39,26,3,1,1,759.8,0
0,0,0,2835,468,2,3,1,1,1986.08,0
4,0,0,15225,135,24,2,1,1,1300.365,0
0,0,0,6240,171,20,3,1,1,936.64,0
0,0,0,615,0,5,2,1,2,27.855,0
0,0,0,450,0,2,2,1,2,20.43,0
0,0,0,7248,369,37,2,1,1,1991.925,0
2,0,0,11205,0,41,3,1,1,453.96,0
3,0,0,6458,93,31,2,1,1,712.035,0
18,1,0,695,1,11,2,1,2,37.44,1
16,0,7,10175,0,36,4,1,1,256.45,0
8,1,0,5558,11,18,2,1,1,303.57,1
0,0,0,2580,0,8,3,1,1,103.68,0
4,0,0,2730,0,10,2,1,2,124.245,1
4,1,0,2008,19,25,3,1,2,157.68,1
0,0,0,6525,0,16,4,1,1,165.3,0
20,0,2,15815,0,74,2,1,1,721.935,0
1,0,2,6705,256,27,2,2,1,1458.495,0
0,0,0,3458,0,22,2,1,1,158.85,0
0,0,0,1405,23,14,3,1,2,149.56,0
1,0,0,2520,160,17,2,1,1,835.335,0
0,0,0,1055,178,5,2,2,1,849.645,0
0,0,0,1308,15,62,4,1,1,70.925,0
6,0,0,440,0,1,2,1,2,20.475,0
0,0,0,0,6,0,4,1,2,15.0,0
5,0,0,965,4,7,2,1,1,62.415,0
0,0,0,2965,0,17,3,1,1,120.64,0
0,0,0,1435,13,8,2,1,1,123.795,0
11,0,0,6133,70,36,1,2,1,729.52,0
7,0,0,8673,58,34,4,1,1,365.85,0
3,0,2,2593,16,13,3,1,1,169.12,0
0,0,0,4130,200,4,3,1,1,966.4,0
0,1,0,1228,0,1,2,1,1,55.665,1
10,0,0,4550,16,22,3,1,1,249.16,0
2,0,0,498,18,9,2,1,2,103.995,0
12,0,0,2633,370,29,3,1,1,1588.04,0
12,0,0,4378,12,40,1,1,1,310.86,0
5,0,0,2573,13,38,1,1,1,216.645,0
13,0,1,3955,43,33,3,1,1,333.8,0
6,0,0,2540,296,23,3,1,1,1287.48,0
15,0,2,9295,155,48,3,1,1,996.96,0
9,0,0,13953,11,49,3,1,1,609.2,0
9,0,1,4695,13,30,3,1,1,243.44,0
8,0,0,6098,18,17,3,1,1,320.04,0
11,0,0,2418,19,22,3,1,2,175.2,0
27,0,3,15320,65,37,3,1,1,882.12,0
6,0,1,3275,494,13,3,1,1,2108.4,0
11,0,0,15665,161,35,2,1,1,1437.975,0
5,0,1,6680,197,31,3,1,1,1058.96,0
2,0,0,1055,11,16,2,1,2,97.965,0
4,0,0,890,24,13,3,1,2,132.48,0
2,0,0,180,11,5,2,1,2,57.96,1
5,0,0,7688,395,48,2,1,1,2129.535,0
9,0,1,11645,22,52,4,1,1,350.175,0
10,0,1,6898,119,42,2,1,1,849.645,0
25,1,0,1135,27,22,2,1,2,175.05,1
23,0,8,10615,12,47,5,1,1,178.74,0
15,0,1,5998,37,29,2,1,1,441.18,0
3,0,0,3020,11,19,3,1,1,166.0,0
11,1,0,3170,20,21,3,1,2,208.76,1
11,1,0,2448,45,36,3,1,2,280.0,1
2,1,0,313,11,7,3,1,2,56.92,1
3,0,0,1848,11,11,3,1,1,119.24,0
5,0,1,6965,25,27,5,1,1,143.55,0
2,0,0,808,20,9,4,1,2,70.575,1
2,0,1,518,15,7,5,1,1,30.45,0
27,1,3,16255,11,85,2,1,1,792.045,0
8,0,3,7145,282,38,2,2,1,1596.105,0
4,0,0,3898,13,33,2,1,1,237.96,0
5,0,0,1845,49,25,3,1,2,271.88,0
8,0,0,2960,186,28,2,1,1,972.945,0
6,1,1,1495,204,16,2,2,1,987.255,1
6,0,0,1748,41,73,4,1,1,147.375,0
13,0,0,880,21,12,2,1,2,135.585,0
2,0,0,1005,32,8,4,1,2,105.575,0
12,0,0,1405,30,18,2,1,1,200.025,0
4,0,0,3405,19,28,3,1,1,214.96,0
4,0,0,1875,39,19,2,1,1,261.405,0
18,0,1,6573,96,47,2,2,1,734.49,0
14,0,0,9113,84,45,4,1,1,442.3,0
10,0,3,3033,42,24,3,1,1,291.44,0
4,0,1,4570,226,15,3,1,1,1088.72,0
5,0,1,1668,11,12,3,1,1,111.8,1
6,0,0,4190,0,12,3,1,1,170.12,0
8,0,0,2273,348,19,3,1,1,1485.0,0
8,0,0,4018,0,30,1,1,1,224.18,0
1,0,0,2213,0,28,1,1,1,124.465,0
9,0,1,3595,21,23,3,1,1,230.76,0
2,0,0,2180,274,13,3,1,1,1184.44,0
11,0,2,8935,133,38,3,1,1,893.92,0
5,0,0,13593,0,39,3,1,1,550.16,0
5,0,1,4335,0,20,3,1,1,176.4,0
4,0,0,5738,0,7,3,1,1,233.0,0
7,0,0,2058,0,12,3,1,2,84.16,0
23,0,3,14960,43,27,3,1,1,779.08,0
2,0,1,2915,472,3,3,1,1,2005.36,0
7,0,0,15305,139,25,2,1,1,1322.055,0
1,0,1,6320,175,21,3,1,1,955.92,0
0,0,0,695,0,6,2,1,2,31.545,0
0,0,0,530,2,3,3,1,2,29.44,0
1,0,0,7328,373,38,2,1,1,2013.615,0
5,0,1,11285,0,42,4,1,1,285.775,0
6,0,1,6538,97,32,2,1,1,733.725,0
21,1,0,775,5,12,2,1,2,59.13,1
19,0,8,10255,0,37,5,1,1,155.1,0
11,1,1,5638,15,19,2,1,1,325.26,1
0,0,0,2660,0,9,3,1,1,106.96,0
7,0,0,2810,0,11,3,1,2,113.72,1
7,1,0,2088,23,26,3,1,2,176.96,1
0,0,0,1488,0,1,3,1,1,60.2,0
1,0,1,6605,3,17,5,1,1,104.91,0
23,0,3,15895,0,75,2,1,1,725.625,0
4,0,3,6785,260,28,2,2,1,1480.185,0
0,0,0,3538,0,23,2,1,1,162.54,0
1,0,0,1485,27,15,3,1,2,168.84,0
4,0,0,2600,164,18,2,1,1,857.025,0
2,0,1,1135,182,6,2,2,1,871.335,0
2,0,0,1388,19,63,4,1,1,82.975,0
9,0,0,520,0,2,2,1,2,24.165,0
0,0,0,0,10,0,4,1,2,25.0,0
8,0,0,1045,8,8,2,1,1,84.105,0
0,0,0,3045,0,18,3,1,1,123.92,0
0,0,0,1515,17,9,2,1,1,145.485,0
14,0,1,6213,74,37,2,2,1,618.57,0
10,0,0,8753,62,35,4,1,1,377.9,0
6,0,3,2673,20,14,3,1,1,188.4,0
0,0,1,4210,204,5,3,1,1,985.68,0
1,0,1,1308,0,2,3,1,1,52.76,1
12,0,2,4970,26,32,3,1,1,306.04,0
4,0,0,918,28,19,3,1,2,149.32,0
14,0,2,3053,380,39,3,1,1,1644.92,0
14,0,2,4798,22,50,1,1,1,389.07,0
7,0,2,2993,23,48,2,1,1,241.245,0
15,0,3,4375,53,43,3,1,1,390.68,0
8,0,2,2960,306,33,3,1,1,1344.36,0
17,0,4,9715,165,58,3,2,1,1053.84,0
11,0,2,14373,21,59,3,1,1,666.08,0
11,0,3,5115,23,40,3,1,1,300.32,0
10,0,2,6518,28,27,3,1,1,376.92,0
13,0,0,2838,29,32,3,1,2,232.08,0
29,0,5,15740,75,47,3,1,1,939.0,0
8,0,3,3695,504,23,3,1,1,2165.28,0
13,0,2,16085,171,45,2,1,1,1501.965,0
7,0,3,7100,207,41,3,1,1,1115.84,0
4,0,0,1475,21,26,2,1,2,161.955,0
6,0,0,1310,34,23,3,1,2,189.36,0
4,0,0,600,21,15,2,1,2,121.95,1
7,0,2,8108,405,58,3,1,1,1949.8,0
11,0,3,12065,32,62,4,1,1,385.725,0
12,0,3,7318,129,52,2,1,1,913.635,0
27,1,0,1555,37,32,3,1,2,212.48,1
25,0,10,11035,22,57,5,2,1,200.07,0
17,0,3,6418,47,39,2,1,1,505.17,0
5,0,2,3440,21,29,3,1,1,222.88,0
13,1,0,3590,30,31,3,1,2,265.64,1
13,1,0,2868,55,46,3,1,2,336.88,1
4,0,0,733,21,17,3,1,2,113.8,1
5,0,2,2268,21,21,4,1,1,110.075,0
7,0,3,7385,35,37,5,1,1,164.88,0
4,0,0,1228,30,19,4,1,2,106.125,1
4,0,3,938,25,17,5,1,1,51.78,0
29,0,5,16675,21,95,2,1,1,856.035,0
10,0,5,7565,292,48,2,2,1,1660.095,0
6,0,2,4318,23,43,3,1,1,268.4,0
7,1,0,2265,59,35,3,1,2,328.76,1
10,0,2,3380,196,38,2,1,1,1036.935,0
8,0,3,1915,214,26,2,2,1,1051.245,0
8,0,2,2168,51,83,4,1,1,182.925,0
15,0,0,1300,31,22,3,1,2,177.4,0
4,0,0,1425,42,18,4,1,2,141.125,0
14,0,2,1825,40,28,2,1,1,264.015,0
6,0,2,3825,29,38,3,1,1,271.84,0
6,0,2,2295,49,29,2,1,1,325.395,0
20,0,3,6993,106,57,2,2,1,798.48,0
16,0,2,9533,94,55,5,1,1,286.71,0
12,0,5,3453,52,34,3,1,1,348.32,0
6,0,3,4990,236,25,3,1,1,1145.6,0
7,1,3,2088,21,22,3,1,1,168.68,1
4,0,0,3770,0,2,2,1,1,172.395,0
6,0,0,1853,338,9,2,1,1,1606.635,0
6,0,0,3598,0,20,1,1,1,200.97,0
0,0,0,1793,0,18,1,1,1,101.255,0
7,0,0,3175,11,13,3,1,1,173.88,0
0,0,0,1760,264,3,3,1,1,1127.56,0
9,0,0,8515,123,28,3,1,1,837.04,0
3,0,0,13173,0,29,3,1,1,533.28,0
3,0,0,3915,0,10,3,1,1,159.52,0
2,0,0,5318,0,15,2,1,1,243.135,0
5,0,0,1638,0,2,3,1,2,67.28,0
21,0,1,14540,33,17,3,1,1,722.2,0
0,0,0,2495,462,7,3,1,1,1948.48,0
5,0,0,14885,129,15,2,1,1,1258.065,0
0,0,0,5900,165,11,3,1,1,899.04,0
0,0,0,275,0,1,2,1,2,12.555,0
0,0,0,110,0,1,2,1,2,5.13,0
0,0,0,6908,363,28,2,1,1,1949.625,0
3,0,0,10865,0,32,3,1,1,440.36,0
4,0,0,6118,87,22,2,1,1,669.735,0
19,0,0,355,0,2,2,1,2,17.64,1
17,0,6,9835,0,27,4,1,1,247.95,0
9,1,0,5218,5,9,2,1,1,261.27,1
0,0,0,2240,0,4,3,1,1,90.08,0
5,0,0,2390,0,1,3,1,2,96.84,1
5,0,0,1668,13,16,3,1,2,120.08,1
0,0,0,1068,0,3,3,1,1,43.32,0
0,0,0,6185,0,7,4,1,1,156.8,0
21,0,1,15475,0,65,2,1,1,706.635,0
2,0,1,6365,250,18,2,2,1,1416.195,0
0,0,0,3118,0,13,2,1,1,143.55,0
0,0,0,1065,17,5,3,1,2,111.96,0
2,0,0,2180,154,8,2,1,1,793.035,0
0,0,0,715,172,1,2,2,1,807.345,0
0,0,0,968,9,53,4,1,1,47.425,0
7,0,0,100,0,3,2,1,2,5.175,0
6,0,0,625,0,2,2,1,1,29.115,0
0,0,0,2625,0,8,3,1,1,107.04,0
0,0,0,1095,7,6,2,1,1,81.495,0
12,0,0,5793,64,27,1,2,1,677.82,0
8,0,0,8333,52,25,4,1,1,342.35,0
4,0,1,2253,10,4,3,1,1,131.52,0
0,0,0,3790,194,23,3,1,1,928.8,0
0,1,0,888,0,3,3,1,1,35.88,1
8,0,1,4485,37,21,3,1,1,330.48,0
0,0,0,433,39,8,3,1,2,173.76,0
10,0,1,2568,391,28,3,1,1,1669.36,0
10,0,1,4313,33,39,1,1,1,422.675,0
3,0,1,2508,34,37,2,1,1,268.74,0
11,0,2,3890,64,32,3,1,1,415.12,0
4,0,1,2475,317,22,4,1,1,855.5,0
13,0,3,9230,176,47,3,1,1,1078.28,0
7,0,1,13888,32,48,3,1,1,690.52,0
7,0,2,4630,34,29,3,1,1,324.76,0
6,0,1,6033,39,16,3,1,1,401.36,0
9,1,0,2353,40,21,3,1,2,256.52,0
25,0,4,15255,86,36,3,1,1,963.44,0
4,0,2,3210,515,12,4,1,1,1368.575,0
9,0,1,15600,182,34,2,1,1,1529.46,0
3,0,2,6615,218,30,3,1,1,1140.28,0
0,0,0,990,32,15,2,1,2,189.45,0
2,0,0,825,45,12,3,1,2,213.8,0
0,0,0,115,32,4,2,1,2,149.445,1
3,0,1,7623,416,47,3,1,1,1974.24,0
7,0,2,11580,43,51,4,1,1,401.0,0
8,0,2,6833,140,41,2,1,1,941.13,0
23,1,0,1070,48,21,3,1,2,236.92,1
21,0,9,10550,33,46,5,1,1,209.235,0
13,0,2,5933,58,28,3,1,1,473.48,0
1,0,1,2955,32,18,3,1,1,247.32,0
9,1,0,3105,41,20,3,1,2,290.08,1
9,0,0,2383,66,35,4,1,2,225.825,1
0,0,0,248,32,6,3,1,2,138.24,1
1,0,1,1783,32,10,4,1,1,125.35,0
3,0,2,6900,46,26,5,1,1,174.045,0
0,0,0,743,41,8,4,1,2,121.4,1
0,0,2,453,36,6,5,1,1,60.945,0
25,0,4,16190,32,84,2,2,1,883.53,0
6,0,4,7080,303,37,3,2,1,1500.08,0
2,0,1,3833,34,32,3,1,1,292.84,0
3,0,0,1780,70,24,4,1,2,220.75,0
6,0,1,2895,207,27,2,1,1,1064.43,0
4,0,2,1430,225,15,3,2,1,958.88,0
4,0,1,1683,62,72,5,1,1,118.92,0
11,0,0,815,42,11,3,1,2,201.84,0
0,0,0,940,53,7,4,1,2,156.4,0
10,0,1,1340,51,17,2,1,1,291.51,0
2,0,1,3340,40,27,3,1,1,296.28,0
2,0,1,1810,60,18,3,1,1,313.68,0
16,0,2,6508,117,46,2,2,1,825.975,0
12,0,1,9048,105,44,5,1,1,295.875,0
8,0,4,2968,63,23,3,2,1,372.76,0
2,0,2,4505,247,14,3,1,1,1170.04,0
3,0,2,1603,32,11,3,1,1,193.12,1
8,0,0,4255,0,13,2,1,1,194.4,0
10,0,0,2338,327,20,2,1,1,1579.14,0
10,0,0,4083,0,31,1,1,1,227.865,0
3,0,0,2278,0,29,1,1,1,128.15,0
11,0,0,3660,0,24,2,1,1,168.12,0
4,0,0,2245,253,14,3,1,1,1103.12,0
13,0,1,9000,112,39,3,1,1,812.6,0
7,0,0,13658,0,40,3,1,1,552.84,0
7,0,0,4400,0,21,3,1,1,179.08,0
6,0,0,5803,0,8,2,1,1,265.14,0
9,0,0,2123,0,13,3,1,2,86.84,0
25,0,2,15025,22,28,3,1,1,697.76,0
4,0,0,2980,451,4,3,1,1,1924.04,0
9,0,0,15370,118,26,2,1,1,1230.57,0
3,0,0,6385,154,22,3,1,1,874.6,0
0,0,0,760,0,7,2,1,2,34.56,0
2,0,0,595,0,4,2,1,2,27.135,0
3,0,0,7393,352,39,2,1,1,1922.13,0
7,0,0,11350,0,43,3,1,1,459.92,0
8,0,0,6603,76,33,2,1,1,642.24,0
23,0,0,840,0,13,2,1,2,39.645,1
21,0,7,10320,0,38,4,2,1,260.175,0
13,1,0,5703,0,20,2,1,1,260.775,1
1,0,0,2725,0,10,3,1,1,109.64,0
9,1,0,2875,0,12,2,1,2,130.95,1
9,0,0,2153,2,27,3,1,2,95.64,1
1,0,0,1553,0,2,3,1,1,62.88,0
3,0,0,6670,0,18,4,1,1,169.025,0
0,0,0,513,0,3,4,1,2,12.85,1
25,0,2,15960,0,76,2,1,1,728.64,0
6,0,2,6850,239,29,2,2,1,1388.7,0
2,0,0,3603,0,24,2,1,1,165.555,0
3,0,0,1550,6,16,3,1,2,87.52,0
6,0,0,2665,143,19,2,1,1,765.54,0
4,0,0,1200,161,7,2,2,1,779.85,0
4,0,0,1453,0,64,4,1,1,37.15,0
11,0,0,585,0,3,2,1,2,27.18,0
0,0,0,710,0,1,4,1,2,17.85,0
10,0,0,1110,0,9,2,1,1,51.12,0
2,0,0,3110,0,19,3,1,1,126.6,0
2,0,0,1580,0,10,2,1,1,72.0,0
16,0,0,6278,53,38,1,2,1,644.215,0
12,0,0,8818,41,36,4,1,1,327.075,0
8,0,2,2738,0,15,3,1,1,111.08,0
2,0,0,4275,183,6,3,1,1,904.36,0
3,1,0,1373,0,3,2,1,1,62.37,1
10,0,0,4560,14,20,3,1,1,241.28,0
2,0,0,508,16,7,2,1,2,95.13,0
12,0,0,2643,368,27,3,1,1,1580.16,0
12,0,0,4388,10,38,1,1,1,300.025,0
5,0,0,2583,11,36,1,1,1,205.81,0
13,0,1,3965,41,31,3,1,1,325.92,0
6,0,0,2550,294,21,3,1,1,1279.6,0
15,0,2,9305,153,46,3,1,1,989.08,0
9,0,0,13963,9,47,3,1,1,601.32,0
9,0,1,4705,11,28,3,1,1,235.56,0
8,0,0,6108,16,15,3,1,1,312.16,0
11,1,0,2428,17,20,3,1,2,167.32,0
27,0,3,15330,63,35,3,1,1,874.24,0
6,0,1,3285,492,11,3,1,1,2100.52,0
11,0,0,15675,159,33,2,1,1,1429.11,0
5,0,1,6690,195,29,3,1,1,1051.08,0
2,0,0,1065,9,14,2,1,2,89.1,0
4,0,0,900,22,11,3,1,2,124.6,0
2,0,0,190,9,3,2,1,2,49.095,1
5,0,0,7698,393,46,2,1,1,2120.67,0
9,0,1,11655,20,50,4,1,1,345.25,0
10,0,1,6908,117,40,2,1,1,840.78,0
25,1,0,1145,25,20,2,1,2,166.185,1
23,0,8,10625,10,45,5,1,1,175.785,0
15,0,1,6008,35,27,2,1,1,432.315,1
3,0,0,3030,9,17,3,1,1,158.12,0
11,1,0,3180,18,19,3,1,2,200.88,1
11,1,0,2458,43,34,3,1,2,272.12,1
2,0,0,323,9,5,3,1,2,49.04,1
3,0,0,1858,9,9,3,1,1,111.36,0
5,0,1,6975,23,25,5,1,1,140.595,0
2,0,0,818,18,7,4,1,2,65.65,1
2,0,1,528,13,5,5,1,1,27.495,0
27,0,3,16265,9,83,2,1,1,783.18,0
8,0,3,7155,280,36,2,2,1,1587.24,0
4,0,0,3908,11,31,2,1,1,229.095,0
5,0,0,1855,47,23,3,1,2,264.0,0
8,0,0,2970,184,26,2,1,1,964.08,0
6,1,1,1505,202,14,2,2,1,978.39,1
6,0,0,1758,39,71,4,1,1,142.45,0
13,0,0,890,19,10,2,1,2,126.72,0
2,0,0,1015,30,6,4,1,2,100.65,0
12,0,0,1415,28,16,2,1,1,191.16,0
4,0,0,3415,17,26,3,1,1,207.08,0
4,0,0,1885,37,17,2,1,1,252.54,0
18,0,1,6582,94,45,2,2,1,725.58,0
14,0,0,9122,82,43,4,1,1,437.35,0
10,0,3,3042,40,22,3,1,1,283.52,0
4,0,1,4580,224,13,3,1,1,1080.84,0
5,0,1,1677,9,10,3,1,1,103.88,1
6,0,0,4180,0,14,3,1,1,170.0,0
0,0,0,128,0,1,2,1,2,5.94,0
8,0,0,2263,350,21,3,1,1,1492.88,0
8,0,0,4008,0,32,1,1,1,224.015,0
1,0,0,2203,0,30,1,1,1,124.3,0
9,0,1,3585,23,25,3,1,1,238.64,0
2,0,0,2170,276,15,3,1,1,1192.32,0
11,0,2,8925,135,40,3,1,1,901.8,0
5,0,0,13583,0,41,3,1,1,550.04,0
5,0,1,4325,0,22,3,1,1,176.28,0
4,0,0,5728,0,9,3,1,1,232.88,0
7,0,0,2048,0,14,3,1,2,84.04,0
23,0,3,14950,45,29,3,1,1,786.96,0
2,0,1,2905,474,5,3,1,1,2013.24,0
7,0,0,15295,141,27,2,1,1,1330.92,0
1,0,1,6310,177,23,3,1,1,963.8,0
0,0,0,685,0,8,2,1,2,31.41,0
0,0,0,520,4,5,3,1,2,37.32,0
1,0,0,7318,375,40,2,1,1,2022.48,0
5,0,1,11275,2,44,4,1,1,290.7,0
6,0,1,6528,99,34,2,1,1,742.59,0
21,0,0,765,7,14,2,1,2,67.995,1
19,0,8,10245,0,39,5,2,1,155.055,0
11,0,1,5628,17,21,2,1,1,334.125,1
0,0,0,2650,0,11,3,1,1,106.84,0
7,1,0,2800,0,13,3,1,2,113.6,1
7,0,0,2078,25,28,3,1,2,184.84,1
0,0,0,1478,0,3,3,1,1,60.08,0
1,0,1,6595,5,19,5,1,1,107.865,0
0,0,0,438,0,1,4,1,2,11.1,1
23,0,3,15885,0,77,2,1,1,725.49,0
4,0,3,6775,262,30,2,2,1,1489.05,0
0,0,0,3528,0,25,2,1,1,162.405,0
1,0,0,1475,29,17,3,1,2,176.72,0
4,0,0,2590,166,20,2,1,1,865.89,0
2,0,1,1125,184,8,2,2,1,880.2,0
2,0,0,1378,21,65,4,1,1,87.9,0
9,0,0,510,1,4,2,1,2,28.53,0
0,0,0,635,12,1,4,1,2,46.1,0
8,0,0,1035,10,10,2,1,1,92.97,0
0,0,0,3035,0,20,3,1,1,123.8,0
0,0,0,1505,19,11,2,1,1,154.35,0
14,0,1,6202,76,39,2,2,1,627.39,0
10,0,0,8742,64,37,4,1,1,382.8,0
6,0,3,2662,22,16,3,1,1,196.24,0
0,0,1,4200,206,7,3,1,1,993.56,0
1,0,1,1297,0,4,3,1,1,52.6,1
6,0,0,4370,0,16,2,1,1,199.575,0
0,0,0,318,0,3,2,1,2,14.49,0
8,0,0,2453,351,23,2,1,1,1692.315,0
8,0,0,4198,0,34,1,1,1,234.19,0
1,0,0,2393,0,32,1,1,1,134.475,0
9,0,0,3775,24,27,2,1,1,281.295,0
2,0,0,2360,277,17,3,1,1,1203.72,0
11,0,1,9115,136,42,3,1,1,913.2,0
5,0,0,13773,0,43,3,1,1,557.44,0
5,0,0,4515,0,24,3,1,1,183.68,0
4,0,0,5918,0,11,2,1,1,270.315,0
7,1,0,2238,0,16,3,1,2,91.44,0
23,0,2,15140,46,31,3,1,1,798.36,0
2,0,0,3095,475,7,3,1,1,2024.64,0
7,0,0,15485,142,29,2,1,1,1343.745,0
1,0,0,6500,178,25,3,1,1,975.2,0
0,0,0,875,0,10,2,1,2,39.735,0
0,0,0,710,5,7,2,1,2,54.81,0
1,0,0,7508,376,42,2,1,1,2035.305,0
5,0,0,11465,3,46,3,1,1,476.52,0
6,0,0,6718,100,36,2,1,1,755.415,0
21,1,0,955,8,16,2,1,2,80.82,1
19,0,7,10435,0,41,4,1,1,263.05,0
11,0,0,5818,18,23,2,1,1,346.95,1
0,0,0,2840,0,13,3,1,1,114.24,0
7,1,0,2990,1,15,2,1,2,140.625,1
7,1,0,2268,26,30,3,1,2,196.24,1
0,0,0,1668,0,5,3,1,1,67.48,0
1,0,0,6785,6,21,4,1,1,186.9,0
0,0,0,628,1,3,4,1,2,18.225,1
0,0,0,338,0,1,4,1,1,8.575,0
23,0,2,16075,0,79,2,1,1,733.815,0
4,0,2,6965,263,32,2,2,1,1501.875,0
0,0,0,3718,0,27,2,1,1,170.73,0
1,0,0,1665,30,19,3,1,2,188.12,0
4,0,0,2780,167,22,2,1,1,878.715,0
2,0,0,1315,185,10,2,2,1,893.025,0
2,0,0,1568,22,67,4,1,1,95.025,0
9,0,0,700,2,6,2,1,2,41.355,0
0,0,0,825,13,2,4,1,2,53.225,0
8,0,0,1225,11,12,2,1,1,105.795,0
0,0,0,3225,0,22,3,1,1,131.2,0
0,0,0,1695,20,13,2,1,1,167.175,0
14,0,0,6392,77,41,1,2,1,782.485,0
10,0,0,8932,65,39,4,1,1,389.925,0
6,0,2,2852,23,18,3,1,1,207.64,0
0,0,0,4390,207,9,3,1,1,1004.96,0
1,0,0,1487,0,6,2,1,1,67.5,1
10,0,1,4370,13,18,3,1,1,229.88,0
2,0,0,318,15,5,3,1,2,73.16,0
12,0,1,2453,367,25,3,1,1,1568.76,0
12,0,1,4198,9,36,1,1,1,284.35,0
5,0,1,2393,10,34,2,1,1,155.565,0
13,0,2,3775,40,29,3,1,1,314.52,0
6,0,1,2360,293,19,4,1,1,792.625,0
15,0,3,9115,152,44,3,1,1,977.68,0
9,0,1,13773,8,45,3,1,1,589.92,0
9,0,2,4515,10,26,3,1,1,224.16,0
8,0,1,5918,15,13,3,1,1,300.76,0
11,1,0,2238,16,18,3,1,2,155.92,0
27,0,4,15140,62,33,3,1,1,862.84,0
6,0,2,3095,491,9,4,1,1,1305.7,0
11,0,1,15485,158,31,2,1,1,1416.285,0
5,0,2,6500,194,27,3,1,1,1039.68,0
2,0,0,875,8,12,2,1,2,76.275,0
4,0,0,710,21,9,3,1,2,113.2,0
0,0,0,0,8,0,2,1,2,36.0,1
5,0,1,7508,392,44,3,1,1,1873.64,0
9,0,2,11465,19,48,4,1,1,338.125,0
10,0,2,6718,116,38,2,1,1,827.955,0
25,1,0,955,24,18,3,1,2,136.32,1
23,0,9,10435,9,43,5,2,1,171.51,0
15,0,2,5818,34,25,3,1,1,372.88,0
3,0,1,2840,8,15,3,1,1,146.72,0
11,0,0,2990,17,17,3,1,2,189.48,1
11,1,0,2268,42,32,4,1,2,162.95,1
2,0,0,133,8,3,3,1,2,37.64,1
3,0,1,1668,8,7,4,1,1,62.475,0
5,0,2,6785,22,23,5,1,1,136.32,0
2,0,0,628,17,5,4,1,2,58.525,1
2,0,2,338,12,3,5,1,1,23.22,0
27,0,4,16075,8,81,2,1,1,770.355,0
8,0,4,6965,279,34,3,2,1,1399.48,0
4,0,1,3718,10,29,3,1,1,192.24,0
5,0,0,1665,46,21,4,1,2,157.875,0
8,0,1,2780,183,24,2,1,1,951.255,0
6,1,2,1315,201,12,3,2,1,858.28,1
6,0,1,1568,38,69,5,1,1,81.195,0
13,0,0,700,18,8,3,1,2,101.24,0
2,0,0,825,29,4,4,1,2,93.525,0
12,0,1,1225,27,14,2,1,1,178.335,0
4,0,1,3225,16,24,3,1,1,195.68,0
4,0,1,1695,36,15,3,1,1,213.08,0
18,0,2,6392,93,43,2,2,1,712.755,0
14,0,1,8932,81,41,5,1,1,258.135,0
10,0,4,2852,39,20,3,1,1,272.12,0
4,0,2,4390,223,11,3,1,1,1069.44,0
5,1,2,1487,8,8,3,1,1,92.48,1
14,0,1,5080,30,17,3,1,1,326.48,0
6,0,0,1028,15,4,3,1,2,101.76,0
16,0,1,3163,367,24,3,1,1,1597.36,0
16,0,1,4908,9,35,1,1,1,323.675,0
9,0,1,3103,10,33,2,1,1,187.74,0
17,0,2,4485,40,28,3,1,1,343.12,0
10,0,1,3070,293,18,3,1,1,1296.8,0
19,0,3,9825,152,43,3,1,1,1006.28,0
13,0,1,14483,8,44,3,1,1,618.52,0
13,0,2,5225,10,25,3,1,1,252.76,0
12,0,1,6628,15,12,3,1,1,329.36,0
15,0,0,2948,16,17,3,1,2,184.52,0
31,1,4,15850,62,32,3,1,1,891.44,0
10,0,2,3805,491,8,3,1,1,2117.72,0
15,0,1,16195,158,30,2,1,1,1448.46,0
9,0,2,7210,194,26,3,1,1,1068.28,0
6,0,0,1585,8,11,2,1,2,108.45,0
8,0,0,1420,21,8,3,1,2,141.8,0
6,0,0,710,8,2,2,1,2,68.445,1
9,0,1,8218,392,43,3,1,1,1902.24,0
13,0,2,12175,19,47,4,1,1,356.0,0
14,0,2,7428,116,37,2,1,1,860.13,0
29,1,0,1665,24,17,3,1,2,164.92,1
27,0,9,11145,9,42,5,2,1,182.235,0
19,0,2,6528,34,24,2,1,1,451.665,0
7,0,1,3550,8,14,3,1,1,175.32,0
15,1,0,3700,17,16,3,1,2,218.08,1
15,1,0,2978,42,31,3,1,2,289.32,1
6,0,0,843,8,2,3,1,2,66.24,1
7,0,1,2378,8,6,4,1,1,80.35,0
9,0,2,7495,22,22,5,1,1,147.045,0
6,1,0,1338,17,4,4,1,2,76.4,1
6,0,2,1048,12,2,5,1,1,33.945,0
31,1,4,16785,8,80,2,1,1,802.53,0
12,1,4,7675,279,33,3,2,1,1428.08,0
8,0,1,4428,10,28,3,1,1,220.84,0
9,0,0,2375,46,20,3,1,2,281.2,0
12,0,1,3490,183,23,2,1,1,983.43,0
10,0,2,2025,201,11,3,2,1,886.88,0
10,0,1,2278,38,68,4,1,1,153.2,0
17,0,0,1410,18,7,3,1,2,129.84,0
6,0,0,1535,29,3,4,1,2,111.4,0
16,0,1,1935,27,13,2,1,1,210.51,0
8,0,1,3935,16,23,3,1,1,224.28,0
8,0,1,2405,36,14,2,1,1,271.89,0
22,0,2,7102,93,42,2,2,1,744.93,0
18,0,1,9642,81,40,5,1,1,268.86,0
14,0,4,3562,39,19,3,2,1,300.72,0
8,0,2,5100,223,10,3,1,1,1098.04,0
9,0,2,2197,8,7,3,1,1,121.08,1
2,0,0,3660,0,17,2,1,1,167.4,0
4,0,0,1743,334,24,2,1,1,1583.64,0
4,0,0,3488,0,35,1,1,1,194.865,0
0,0,0,1683,0,33,1,1,1,95.15,0
5,0,0,3065,7,28,3,1,1,153.44,0
0,0,0,1650,260,18,3,1,1,1107.12,0
7,0,1,8405,119,43,3,1,1,816.6,0
1,0,0,13063,0,44,3,1,1,528.84,0
1,0,0,3805,0,25,3,1,1,155.08,0
0,0,0,5208,0,12,2,1,1,238.14,0
3,0,0,1528,0,17,3,1,2,62.84,0
19,0,2,14430,29,32,3,1,1,701.76,0
0,0,0,2385,458,8,3,1,1,1928.04,0
3,0,0,14775,125,30,2,1,1,1235.07,0
0,0,0,5790,161,26,3,1,1,878.6,0
0,0,0,165,0,11,2,1,2,7.56,0
0,0,0,6798,359,43,2,1,1,1926.63,0
1,0,0,10755,0,47,3,1,1,435.92,0
2,0,0,6008,83,37,2,1,1,646.74,0
17,0,0,245,0,17,2,1,2,12.645,1
15,0,7,9725,0,42,4,1,1,245.175,0
7,0,0,5108,1,24,2,1,1,238.275,1
0,0,0,2130,0,14,3,1,1,85.64,0
3,1,0,2280,0,16,2,1,2,103.95,1
3,0,0,1558,9,31,3,1,2,99.64,1
0,0,0,958,0,6,3,1,1,38.88,0
0,0,0,6075,0,22,4,1,1,154.025,0
19,0,2,15365,0,80,2,1,1,701.64,0
0,0,2,6255,246,33,2,2,1,1393.2,0
0,0,0,3008,0,28,2,1,1,138.555,0
0,0,0,955,13,20,3,1,2,91.52,0
0,0,0,2070,150,23,2,1,1,770.04,0
0,0,0,605,168,11,2,2,1,784.35,0
0,0,0,858,5,68,4,1,1,34.65,0
4,0,0,515,0,13,2,1,1,24.12,0
0,0,0,2515,0,23,3,1,1,102.6,0
0,0,0,985,3,14,2,1,1,58.5,0
10,0,0,5682,60,42,1,2,1,649.66,0
6,0,0,8222,48,40,4,1,1,329.55,0
2,0,2,2142,6,19,3,1,1,111.04,0
0,0,0,3680,190,10,3,1,1,908.36,0
0,0,0,777,0,7,3,1,1,31.4,1
9,1,0,2238,8,17,3,1,2,123.68,0
0,0,0,875,0,11,2,1,2,40.005,0
23,0,0,955,16,17,2,1,2,117.09,1
21,1,8,10435,1,42,5,1,1,159.42,0
13,0,1,5818,26,24,2,1,1,383.22,1
9,1,0,2990,9,16,3,1,2,157.24,1
9,0,0,2268,34,31,3,1,2,228.48,1
0,0,0,628,9,4,4,1,2,38.375,1
25,0,3,16075,0,80,2,1,1,734.085,0
4,1,1,1315,193,11,2,2,1,929.295,1
0,0,0,825,21,3,4,1,2,73.375,0
16,0,1,6392,85,42,2,2,1,676.485,0
12,0,0,8932,73,40,4,1,1,410.075,0
8,0,3,2852,31,19,3,1,1,239.88,0
3,0,1,1487,0,7,3,1,1,60.24,1
21,0,8,10435,1,42,5,1,1,159.42,0
25,1,3,16075,0,80,2,1,1,734.085,0
3,1,1,1487,0,7,3,1,1,60.24,1
3,0,0,4065,0,15,2,1,1,185.85,0
5,0,0,2148,352,22,2,1,1,1683.09,0
5,0,0,3893,0,33,1,1,1,217.415,0
0,0,0,2088,0,31,1,1,1,117.7,0
6,0,0,3470,25,26,2,1,1,272.07,0
0,0,0,2055,278,16,3,1,1,1195.52,0
8,0,1,8810,137,41,3,1,1,905.0,0
2,0,0,13468,0,42,3,1,1,545.24,0
2,0,0,4210,0,23,3,1,1,171.48,0
1,0,0,5613,0,10,2,1,1,256.59,0
4,0,0,1933,1,15,3,1,2,83.24,0
20,0,2,14835,47,30,3,1,1,790.16,0
0,0,0,2790,476,6,3,1,1,2016.44,0
4,0,0,15180,143,28,2,1,1,1334.52,0
0,0,0,6195,179,24,3,1,1,967.0,0
0,0,0,570,0,9,2,1,2,26.01,0
0,0,0,405,6,6,2,1,2,45.585,0
0,0,0,7203,377,41,2,1,1,2026.08,0
2,0,0,11160,4,45,3,1,1,468.32,0
3,0,0,6413,101,35,2,1,1,746.19,0
18,0,0,650,9,15,2,1,2,71.595,1
16,0,7,10130,0,40,4,1,1,255.425,0
8,1,0,5513,19,22,2,1,1,337.725,1
0,0,0,2535,0,12,3,1,1,102.04,0
4,0,0,2685,2,14,2,1,2,131.4,1
4,0,0,1963,27,29,3,1,2,188.04,1
0,0,0,1363,0,4,3,1,1,55.28,0
0,0,0,6480,7,20,4,1,1,181.775,0
0,0,0,323,2,2,4,1,2,13.1,1
20,0,2,15770,0,78,2,1,1,720.09,0
1,0,2,6660,264,31,2,2,1,1492.65,0
0,0,0,3413,0,26,2,1,1,157.005,0
0,0,0,1360,31,18,3,1,2,179.92,0
1,0,0,2475,168,21,2,1,1,869.49,0
0,1,0,1010,186,9,2,2,1,883.8,1
0,0,0,1263,23,66,4,1,1,89.9,0
6,0,0,395,3,5,2,1,2,32.13,0
0,0,0,520,14,1,4,1,2,48.1,0
5,0,0,920,12,11,2,1,1,96.57,0
0,0,0,2920,1,21,3,1,1,123.0,0
0,0,0,1390,21,12,2,1,1,157.95,0
11,0,0,6088,78,40,1,2,1,771.265,0
7,0,0,8628,66,38,4,1,1,384.825,0
3,0,2,2548,24,17,3,1,1,199.48,0
0,0,0,4085,208,8,3,1,1,996.76,0
0,1,0,1183,0,5,2,1,2,53.82,1
6,0,0,4125,3,17,2,1,1,202.185,0
0,0,0,73,5,4,2,1,1,25.875,0
8,0,0,2208,357,24,2,1,1,1708.425,0
8,0,0,3953,0,35,1,1,1,220.88,0
1,0,0,2148,0,33,1,1,1,121.165,0
9,0,1,3530,30,28,3,1,1,264.36,0
2,0,0,2115,283,18,3,1,1,1218.04,0
11,0,2,8870,142,43,3,1,1,927.52,0
5,0,0,13528,0,44,3,1,1,547.76,0
5,0,1,4270,0,25,3,1,1,174.0,0
4,0,0,5673,5,12,2,1,1,281.925,0
7,0,0,1993,6,17,3,1,1,105.76,0
23,0,3,14895,52,32,3,1,1,812.68,0
2,0,1,2850,481,8,3,1,1,2038.96,0
7,0,0,15240,148,30,2,1,1,1359.855,0
1,0,1,6255,184,26,3,1,1,989.52,0
0,0,0,630,0,11,2,1,1,28.845,0
0,0,0,465,11,8,2,1,1,70.92,0
1,0,0,7263,382,43,2,1,1,2051.415,0
5,0,1,11220,9,47,3,1,1,490.84,0
6,0,1,6473,106,37,2,1,1,771.525,0
21,1,0,710,14,17,2,1,1,96.93,1
19,0,8,10190,0,42,4,1,1,257.0,0
11,1,1,5573,24,24,2,1,1,363.06,1
0,0,0,2595,0,14,3,1,1,104.56,0
7,0,0,2745,7,16,3,1,1,139.32,1
7,1,0,2023,32,31,3,1,1,210.56,1
0,0,0,1423,0,6,3,1,1,57.8,0
1,0,1,6540,12,22,4,1,1,195.85,0
0,0,0,383,7,4,4,1,1,27.175,1
0,0,1,93,2,2,5,1,1,4.41,0
23,0,3,15830,0,80,2,1,1,722.925,0
4,0,3,6720,269,33,2,2,1,1517.985,0
0,0,0,3473,0,28,2,1,1,159.84,0
1,0,0,1420,36,20,3,1,1,202.44,0
4,0,0,2535,173,23,2,1,1,894.825,0
2,1,1,1070,191,11,2,2,1,909.135,0
2,0,0,1323,28,68,4,1,1,103.975,0
9,0,0,455,8,7,2,1,1,57.465,0
0,0,0,580,19,3,4,1,1,62.175,0
8,0,0,980,17,13,2,1,1,121.905,0
0,0,0,2980,6,23,3,1,1,145.52,0
0,0,0,1450,26,14,2,1,1,183.285,0
14,1,1,6148,83,42,1,2,1,802.23,0
10,0,0,8688,71,40,4,1,1,398.9,0
6,0,3,2608,29,19,3,1,1,222.0,0
0,0,1,4145,213,10,3,1,1,1019.28,0
1,1,1,1243,0,7,3,1,1,50.36,1
0,0,0,4005,0,13,2,1,1,183.015,0
2,0,0,2088,347,20,2,1,1,1657.755,0
2,0,0,3833,0,31,2,1,1,175.05,0
0,0,0,2028,0,29,1,1,1,114.235,0
3,0,0,3410,20,24,2,1,1,246.735,0
0,0,0,1995,273,14,3,1,1,1173.0,0
5,0,0,8750,132,39,3,1,1,882.48,0
0,0,0,13408,0,40,3,1,1,542.72,0
0,0,0,4150,0,21,3,1,1,168.96,0
0,0,0,5553,0,8,2,1,1,253.755,0
1,0,0,1873,0,13,3,1,2,76.72,0
17,0,1,14775,42,28,2,1,1,863.595,0
0,0,0,2730,471,4,3,1,1,1993.92,0
1,0,0,15120,138,26,2,1,1,1309.185,0
0,0,0,6135,174,22,3,1,1,944.48,0
0,0,0,510,0,7,2,1,2,23.175,0
0,0,0,345,1,4,2,1,2,20.25,0
0,0,0,7143,372,39,2,1,1,2000.745,0
0,0,0,11100,0,43,3,1,1,449.8,0
0,0,0,6353,96,33,2,1,1,720.855,0
15,0,0,590,4,13,2,1,2,46.26,1
13,0,6,10070,0,38,4,1,1,253.85,0
5,1,0,5453,14,20,2,1,1,312.39,1
0,0,0,2475,0,10,3,1,1,99.52,0
1,1,0,2625,0,12,2,1,2,119.565,1
1,0,0,1903,22,27,3,1,2,165.52,1
0,0,0,1303,0,2,3,1,1,52.76,0
0,0,0,6420,2,18,4,1,1,167.7,0
0,0,0,263,0,1,3,1,2,10.56,1
17,0,1,15710,0,76,2,1,1,717.255,0
0,0,1,6600,259,29,2,2,1,1467.315,0
0,0,0,3353,0,24,2,1,1,154.17,0
0,0,0,1300,26,16,3,1,2,157.4,0
0,0,0,2415,163,19,2,1,1,844.155,0
0,0,0,950,181,7,2,2,1,858.465,0
0,0,0,1203,18,64,4,1,1,75.825,0
3,0,0,335,0,3,2,1,2,15.795,0
0,0,0,0,9,0,4,1,2,22.5,0
2,0,0,860,7,9,2,1,1,71.235,0
0,0,0,2860,0,19,3,1,1,116.48,0
0,0,0,1330,16,10,2,1,1,132.615,0
8,0,0,6028,73,38,1,2,1,740.3,0
4,0,0,8568,61,36,4,1,1,370.75,0
0,0,1,2488,19,15,3,1,1,176.96,0
0,0,0,4025,203,6,3,1,1,974.24,0
0,1,0,1123,0,3,2,1,2,50.985,1
4,0,0,4145,8,19,2,1,1,225.54,0
0,0,0,93,10,6,2,1,2,49.23,0
6,0,0,2228,362,26,2,1,1,1731.78,0
6,0,0,3973,4,37,2,1,1,199.575,0
0,0,0,2168,5,35,1,1,1,149.71,0
7,0,1,3550,35,30,3,1,1,285.12,0
0,0,0,2135,288,20,3,1,1,1238.8,0
9,0,2,8890,147,45,3,1,1,948.28,0
3,0,0,13548,3,46,3,1,1,560.52,0
3,0,1,4290,5,27,3,1,1,194.76,0
2,0,0,5693,10,14,2,1,1,305.28,0
5,0,0,2013,11,19,3,1,2,126.52,0
21,0,3,14915,57,34,3,1,1,833.44,0
0,0,1,2870,486,10,3,1,1,2059.72,0
5,0,0,15260,153,32,2,1,1,1383.21,0
0,0,1,6275,189,28,3,1,1,1010.28,0
0,0,0,650,3,13,2,1,2,43.2,0
0,0,0,485,16,10,2,1,2,94.275,0
0,0,0,0,3,0,2,1,2,13.5,1
0,0,0,7283,387,45,2,1,1,2074.77,0
3,0,1,11240,14,49,3,1,1,511.6,0
4,0,1,6493,111,39,2,1,1,794.88,0
19,0,0,730,19,19,2,1,2,120.285,1
17,0,8,10210,4,44,4,2,1,267.475,0
9,0,1,5593,29,26,2,1,1,386.415,1
0,0,0,2615,3,16,3,1,1,117.32,0
5,1,0,2765,12,18,2,1,2,180.09,1
5,0,0,2043,37,33,3,1,2,231.32,1
0,0,0,0,3,0,3,1,2,12.0,1
0,0,0,1443,3,8,3,1,1,70.56,0
0,0,1,6560,17,24,4,1,1,208.825,0
0,1,0,403,12,6,4,1,2,40.15,1
0,0,1,0,7,0,5,1,1,10.5,0
21,0,3,15850,3,82,2,1,1,737.28,0
2,0,3,6740,274,35,2,2,1,1541.34,0
0,0,0,3493,5,30,2,1,1,183.195,0
0,0,0,1440,41,22,3,1,2,223.2,0
2,0,0,2555,178,25,2,1,1,918.18,0
0,0,1,1090,196,13,2,2,1,932.49,0
0,0,0,1343,33,70,4,1,1,116.95,0
7,0,0,475,13,9,2,1,2,80.82,0
0,0,0,600,24,5,4,1,2,75.15,0
6,0,0,1000,22,15,2,1,1,145.26,0
0,0,0,3000,11,25,3,1,1,166.28,0
0,0,0,1470,31,16,2,1,1,206.64,0
12,0,1,6168,88,44,1,2,1,830.775,0
8,0,0,8708,76,42,4,1,1,411.875,0
4,0,3,2628,34,21,3,1,1,242.76,0
0,0,1,4165,218,12,3,1,1,1040.04,0
0,1,1,1263,3,9,3,1,1,63.12,1
2,0,0,3985,0,11,2,1,1,182.16,0
4,0,0,2068,342,18,2,1,1,1634.4,0
4,0,0,3813,0,29,1,1,1,212.905,0
0,0,0,2008,0,27,1,1,1,113.19,0
5,0,0,3390,15,22,2,1,1,223.38,0
0,0,0,1975,268,12,3,1,1,1152.24,0
7,0,0,8730,127,37,3,1,1,861.72,0
1,0,0,13388,0,38,3,1,1,541.96,0
1,0,0,4130,0,19,3,1,1,168.2,0
0,0,0,5533,0,6,2,1,1,252.9,0
3,0,0,1853,0,11,3,1,2,75.96,0
19,0,1,14755,37,26,3,1,1,746.88,0
0,0,0,2710,466,2,3,1,1,1973.16,0
3,0,0,15100,133,24,2,1,1,1285.83,0
0,0,0,6115,169,20,3,1,1,923.72,0
0,0,0,490,0,5,2,1,2,22.32,0
0,0,0,325,0,2,2,1,2,14.895,0
0,0,0,7123,367,37,2,1,1,1977.39,0
1,0,0,11080,0,41,3,1,1,449.04,0
2,0,0,6333,91,31,2,1,1,697.5,0
17,0,0,570,0,11,2,1,2,27.405,1
15,0,6,10050,0,36,4,1,1,253.375,0
7,0,0,5433,9,18,2,1,1,289.035,1
0,0,0,2455,0,8,3,1,1,98.76,0
3,1,0,2605,0,10,2,1,2,118.71,1
3,0,0,1883,17,25,3,1,2,144.76,1
0,0,0,1283,0,5,3,1,1,52.0,0
0,0,0,6400,0,16,4,1,1,162.225,0
19,0,1,15690,0,74,2,1,1,716.4,0
0,0,1,6580,254,27,2,2,1,1443.96,0
0,0,0,3333,0,22,2,1,1,153.315,0
0,0,0,1280,21,14,3,1,2,136.64,0
0,0,0,2395,158,17,2,1,1,820.8,0
0,0,0,930,176,5,2,2,1,835.11,0
0,0,0,1183,13,62,4,1,1,62.85,0
5,0,0,315,0,1,2,1,2,14.94,0
0,0,0,0,4,0,4,1,2,10.0,0
4,0,0,840,2,7,2,1,1,47.88,0
0,0,0,2840,0,17,3,1,1,115.72,0
0,0,0,1310,11,8,2,1,1,109.26,0
10,0,0,6008,68,36,1,2,1,711.755,0
6,0,0,8548,56,34,4,1,1,357.775,0
2,0,1,2468,14,13,3,1,1,156.2,0
0,0,0,4005,198,4,3,1,1,953.48,0
0,0,0,1103,0,1,2,1,1,50.13,1
8,0,0,4325,13,21,3,1,1,228.0,0
0,0,0,273,15,8,2,1,2,80.19,0
10,0,0,2408,367,28,3,1,1,1566.88,0
10,0,0,4153,9,39,1,1,1,281.765,0
3,0,0,2348,10,37,1,1,1,187.55,0
11,0,1,3730,40,32,3,1,1,312.64,0
4,0,0,2315,293,22,3,1,1,1266.32,0
13,0,2,9070,152,47,3,1,1,975.8,0
7,0,0,13728,8,48,3,1,1,588.04,0
7,0,1,4470,10,29,3,1,1,222.28,0
6,0,0,5873,15,16,3,1,1,298.88,0
9,1,0,2193,16,21,3,1,2,154.04,0
25,0,3,15095,62,36,3,1,1,860.96,0
4,0,1,3050,491,12,3,1,1,2087.24,0
9,0,0,15440,158,34,2,1,1,1414.17,0
3,0,1,6455,194,30,3,1,1,1037.8,0
0,0,0,830,8,15,2,1,2,74.16,0
2,0,0,665,21,12,3,1,2,111.32,0
0,0,0,0,8,0,2,1,2,36.0,1
3,0,0,7463,392,47,2,1,1,2105.73,0
7,0,1,11420,19,51,4,1,1,336.95,0
8,0,1,6673,116,41,2,1,1,825.84,0
23,1,0,910,24,21,2,1,2,151.245,1
21,1,8,10390,9,46,5,2,1,170.805,0
13,0,1,5773,34,28,2,1,1,417.375,0
1,0,0,2795,8,18,3,1,1,144.84,0
9,1,0,2945,17,20,3,1,2,187.6,1
9,0,0,2223,42,35,3,1,2,258.84,1
0,0,0,88,8,6,3,1,2,35.76,1
1,0,0,1623,8,10,3,1,1,98.08,0
3,0,1,6740,22,26,5,1,1,135.615,0
0,1,0,583,17,8,4,1,2,57.35,1
0,0,1,293,12,6,5,1,1,22.515,0
25,0,3,16030,8,84,2,1,1,768.24,0
6,0,3,6920,279,37,2,2,1,1572.3,0
2,0,0,3673,10,32,2,1,1,214.155,0
3,0,0,1620,46,24,3,1,2,250.72,0
6,0,0,2735,183,27,2,1,1,949.14,0
4,0,1,1270,201,15,2,2,1,963.45,0
4,0,0,1523,38,72,4,1,1,134.15,0
11,0,0,655,18,11,2,1,2,111.78,0
0,0,0,780,29,7,4,1,2,92.35,0
10,0,0,1180,27,17,2,1,1,176.22,0
2,0,0,3180,16,27,3,1,1,193.8,0
2,0,0,1650,36,18,2,1,1,237.6,0
16,0,1,6348,93,46,2,2,1,710.685,0
12,0,0,8888,81,44,4,1,1,429.075,0
8,0,3,2808,39,23,3,1,1,270.28,0
2,0,1,4345,223,14,3,1,1,1067.56,0
3,0,1,1443,8,11,3,1,1,90.64,1
0,0,0,3805,0,9,2,1,1,173.7,0
0,0,0,1888,337,16,2,1,1,1603.44,0
0,0,0,3633,0,27,1,1,1,202.565,0
0,0,0,1828,0,25,1,1,1,102.85,0
1,0,0,3210,10,20,2,1,1,192.42,0
0,0,0,1795,263,10,3,1,1,1124.72,0
3,0,0,8550,122,35,3,1,1,834.2,0
0,0,0,13208,0,36,3,1,1,534.44,0
0,0,0,3950,0,17,3,1,1,160.68,0
0,0,0,5353,0,4,2,1,1,244.44,0
0,0,0,1673,0,9,3,1,2,68.44,0
15,0,1,14575,32,24,2,1,1,809.28,0
0,0,0,2530,461,7,3,1,1,1945.64,0
0,0,0,14920,128,22,2,1,1,1254.87,0
0,0,0,5935,164,18,3,1,1,896.2,0
0,0,0,6943,362,35,2,1,1,1946.43,0
0,0,0,10900,0,39,3,1,1,441.52,0
0,0,0,6153,86,29,2,1,1,666.54,0
13,1,0,390,0,9,2,1,2,18.945,1
11,0,6,9870,0,34,4,2,1,248.675,0
3,0,0,5253,4,16,2,1,1,258.075,1
0,0,0,2275,0,6,3,1,1,91.24,0
0,1,0,2425,0,8,2,1,2,110.25,1
0,1,0,1703,12,23,3,1,2,117.24,1
0,0,0,6220,0,14,4,1,1,157.525,0
15,0,1,15510,0,72,2,1,1,707.94,0
0,0,1,6400,249,25,2,2,1,1413.0,0
0,0,0,3153,0,20,2,1,1,144.855,0
0,0,0,1100,16,12,3,1,2,109.12,0
0,0,0,2215,153,15,2,1,1,789.84,0
0,0,0,750,171,3,2,2,1,804.15,0
0,0,0,1003,8,60,4,1,1,45.65,0
0,0,0,660,0,5,2,1,1,30.42,0
0,0,0,2660,0,15,3,1,1,108.2,0
0,0,0,1130,6,6,2,1,1,78.3,0
6,0,0,5828,63,34,1,2,1,673.915,0
2,0,0,8368,51,32,4,1,1,340.575,0
0,0,1,2288,9,11,3,1,1,128.68,0
0,0,0,3825,193,2,2,1,1,1041.705,0
5,0,0,4245,9,20,2,1,1,234.81,0
0,0,0,193,11,7,2,1,2,58.5,0
7,0,0,2328,363,27,2,1,1,1741.05,0
7,0,0,4073,5,38,1,1,1,255.255,0
0,0,0,2268,6,36,1,1,1,161.04,0
8,0,0,3650,36,31,2,1,1,330.03,0
1,0,0,2235,289,21,3,1,1,1247.04,0
10,0,1,8990,148,46,3,1,1,956.52,0
4,0,0,13648,4,47,3,1,1,568.76,0
4,0,0,4390,6,28,3,1,1,203.0,0
3,0,0,5793,11,15,2,1,1,314.55,0
6,0,0,2113,12,20,3,1,2,134.76,0
22,0,2,15015,58,35,3,1,1,841.68,0
1,0,0,2970,487,11,3,1,1,2067.96,0
6,0,0,15360,154,33,2,1,1,1392.48,0
0,0,0,6375,190,29,3,1,1,1018.52,0
0,0,0,750,4,14,2,1,2,52.47,0
0,0,0,585,17,11,2,1,2,103.545,0
0,0,0,0,4,0,2,1,2,18.0,1
0,0,0,7383,388,46,2,1,1,2084.04,0
4,0,0,11340,15,50,3,1,1,519.84,0
5,0,0,6593,112,40,2,1,1,804.15,0
20,1,0,830,20,20,2,1,2,129.555,1
18,0,7,10310,5,45,4,2,1,272.625,0
10,0,0,5693,30,27,2,1,1,395.685,1
0,0,0,2715,4,17,3,1,1,125.56,0
6,1,0,2865,13,19,2,1,2,189.36,1
6,1,0,2143,38,34,3,1,2,239.56,1
0,0,0,8,4,5,3,1,2,16.48,1
0,0,0,1543,4,9,3,1,1,78.8,0
0,0,0,6660,18,25,4,1,1,213.975,0
0,1,0,503,13,7,4,1,2,45.3,1
0,0,0,213,8,5,5,1,1,15.285,0
22,0,2,15950,4,83,2,1,1,746.55,0
3,0,2,6840,275,36,2,2,1,1550.61,0
0,0,0,3593,6,31,2,1,1,192.465,0
0,0,0,1540,42,23,3,1,2,231.44,0
3,0,0,2655,179,26,2,1,1,927.45,0
1,0,0,1190,197,14,2,2,1,941.76,0
1,0,0,1443,34,71,4,1,1,122.1,0
8,0,0,575,14,10,2,1,2,90.09,0
0,0,0,700,25,6,4,1,2,80.3,0
7,0,0,1100,23,16,2,1,1,154.53,0
0,0,0,3100,12,26,3,1,1,174.52,0
0,0,0,1570,32,17,2,1,1,215.91,0
13,0,0,6268,89,45,1,2,1,842.105,0
9,0,0,8808,77,43,4,1,1,417.025,0
5,0,2,2728,35,22,3,1,1,251.0,0
0,0,0,4265,219,13,3,1,1,1048.28,0
0,1,0,1363,4,10,2,1,1,80.28,1
1,0,0,3885,0,10,2,1,1,177.39,0
3,0,0,1968,341,17,2,1,1,1625.13,0
3,0,0,3713,0,28,1,1,1,207.075,0
0,0,0,1908,0,26,1,1,1,107.36,0
4,0,0,3290,14,21,2,1,1,214.11,0
0,0,0,1875,267,11,3,1,1,1144.0,0
6,0,1,8630,126,36,3,1,1,853.48,0
0,0,0,13288,0,37,3,1,1,537.72,0
0,0,0,4030,0,18,3,1,1,163.96,0
0,0,0,5433,0,5,2,1,1,248.13,0
2,0,0,1753,0,10,3,1,2,71.72,0
18,0,2,14655,36,25,3,1,1,738.64,0
0,0,0,2610,465,1,3,1,1,1964.92,0
2,0,0,15000,132,23,2,1,1,1276.56,0
0,0,0,6015,168,19,3,1,1,915.48,0
0,0,0,7023,366,36,2,1,1,1968.12,0
0,0,0,10980,0,40,3,1,1,444.8,0
1,0,0,6233,90,30,2,1,1,688.23,0
16,0,0,470,0,10,2,1,2,22.635,1
14,0,7,9950,0,35,4,1,1,250.725,0
6,1,0,5333,8,17,2,1,1,279.765,1
0,0,0,2355,0,7,3,1,1,94.52,0
2,1,0,2505,0,9,2,1,2,113.94,1
2,0,0,1783,16,24,3,1,2,136.52,1
0,0,0,6300,0,15,4,1,1,159.575,0
18,0,2,15590,0,73,2,1,1,711.63,0
0,0,2,6480,253,26,2,2,1,1434.69,0
0,0,0,3233,0,21,2,1,1,148.545,0
0,0,0,1180,20,13,3,1,2,128.4,0
0,0,0,2295,157,16,2,1,1,811.53,0
0,0,0,830,175,4,2,2,1,825.84,0
0,0,0,1083,12,61,4,1,1,57.7,0
4,0,0,215,0,3,2,1,2,10.17,0
0,0,0,0,3,0,4,1,2,7.5,0
3,0,0,740,1,6,2,1,1,38.61,0
0,0,0,2740,0,16,3,1,1,111.48,0
0,0,0,1210,10,7,2,1,1,99.99,0
9,0,0,5908,67,35,1,2,1,700.425,0
5,0,0,8448,55,33,4,1,1,352.625,0
1,0,2,2368,13,12,3,1,1,147.96,0
0,0,0,3905,197,3,3,1,1,945.24,0
0,0,0,1003,0,4,2,1,1,45.36,1
7,0,1,4665,19,30,2,1,1,298.8,0
0,0,0,613,21,17,2,1,2,122.49,0
9,0,1,2748,373,37,2,1,1,1805.04,0
9,0,1,4493,15,48,1,1,1,333.465,0
2,0,1,2688,16,46,1,1,1,239.25,0
10,0,2,4070,46,41,3,1,1,350.24,0
3,0,1,2655,299,31,3,1,1,1303.92,0
12,0,3,9410,158,56,3,1,1,1013.4,0
6,0,1,14068,14,57,3,1,1,625.64,0
6,0,2,4810,16,38,3,1,1,259.88,0
5,0,1,6213,21,25,2,1,1,378.54,0
8,0,0,2533,22,30,3,1,2,191.64,0
24,0,4,15435,68,45,3,2,1,898.56,0
3,0,2,3390,497,21,3,1,1,2124.84,0
8,0,1,15780,164,43,2,1,1,1456.47,0
2,0,2,6795,200,39,3,1,1,1075.4,0
0,0,0,1170,14,24,2,1,2,116.46,0
1,0,0,1005,27,21,2,1,2,167.535,0
0,1,0,295,14,13,2,1,2,76.455,1
2,0,1,7803,398,56,2,1,1,2148.03,0
6,0,2,11760,25,60,3,1,1,576.72,0
7,0,2,7013,122,50,2,1,1,868.14,0
22,0,0,1250,30,30,2,1,2,193.545,1
20,0,9,10730,15,55,4,1,1,308.175,0
12,0,2,6113,40,37,2,1,1,459.675,0
0,0,1,3135,14,27,3,1,1,182.44,0
8,0,0,3285,23,29,2,1,2,253.35,1
8,1,0,2563,48,44,3,1,2,296.44,1
0,0,0,428,14,15,3,1,2,73.36,1
0,0,1,1963,14,19,3,1,1,135.68,0
2,0,2,7080,28,35,4,1,1,249.525,0
0,0,0,923,23,17,4,1,2,80.85,1
0,0,2,633,18,15,5,1,1,36.615,0
24,0,4,16370,14,93,2,1,1,810.54,0
5,0,4,7260,285,46,2,2,1,1614.6,0
1,0,1,4013,16,41,2,1,1,256.455,0
2,1,0,1960,52,33,3,1,2,288.32,1
5,0,1,3075,189,36,2,1,1,991.44,0
3,0,2,1610,207,24,2,2,1,1005.75,0
3,0,1,1863,44,81,4,1,1,157.65,0
10,0,0,995,24,20,2,1,2,154.08,0
0,0,0,1120,35,16,4,1,2,115.85,0
9,0,1,1520,33,26,2,1,1,218.52,0
1,0,1,3520,22,36,3,1,1,231.4,0
1,0,1,1990,42,27,2,1,1,279.9,0
15,0,2,6688,99,55,1,2,1,920.315,0
11,0,1,9228,87,53,4,1,1,452.575,0
7,0,4,3148,45,32,3,1,1,307.88,0
1,0,2,4685,229,23,3,1,1,1105.16,0
2,1,2,1783,14,20,3,1,1,128.24,1
0,0,0,3465,0,10,2,1,1,158.4,0
1,0,0,1548,331,7,2,1,1,1561.14,0
1,0,0,3293,0,18,1,1,1,183.865,0
0,0,0,1488,0,16,1,1,1,84.15,0
2,0,0,2870,4,11,2,1,1,150.12,0
0,0,0,1455,257,1,3,1,1,1087.12,0
4,0,0,8210,116,26,3,1,1,796.6,0
0,0,0,12868,0,27,3,1,1,520.84,0
0,0,0,3610,0,8,3,1,1,147.08,0
0,0,0,5013,0,13,2,1,1,229.14,0
0,0,0,1333,0,4,3,1,2,54.84,0
16,0,0,14235,26,15,3,1,1,681.76,0
0,0,0,2190,455,5,3,1,1,1908.04,0
0,0,0,14580,122,13,2,1,1,1212.57,0
0,0,0,5595,158,9,3,1,1,858.6,0
0,0,0,6603,356,26,2,1,1,1904.13,0
0,0,0,10560,0,30,3,1,1,427.92,0
0,0,0,5813,80,20,2,1,1,624.24,0
7,0,0,50,0,1,2,1,2,2.34,1
12,0,5,9530,0,25,4,1,1,240.175,0
4,0,0,4913,0,7,2,1,1,224.775,1
0,0,0,1935,0,2,3,1,1,77.64,0
0,0,0,2085,0,9,2,1,2,94.95,1
0,1,0,1363,6,14,3,1,2,79.64,1
0,0,0,5880,0,5,4,1,1,149.025,0
16,0,0,15170,0,63,2,1,1,692.64,0
0,0,0,6060,243,16,2,2,1,1370.7,0
0,0,0,2813,0,11,2,1,1,129.555,0
0,0,0,760,10,3,3,1,2,71.52,0
0,0,0,1875,147,6,2,1,1,747.54,0
0,0,0,1903,165,8,2,2,1,829.035,0
0,0,0,663,2,51,4,1,1,22.15,0
0,0,0,2320,0,6,3,1,1,94.6,0
7,0,0,5488,57,25,1,2,1,622.215,0
3,0,0,8028,45,23,4,1,1,317.075,0
0,0,0,1948,3,2,3,1,1,91.08,0
0,0,0,3485,187,21,3,1,1,888.36,0
3,0,0,4180,30,19,3,1,1,290.04,0
0,0,0,128,32,6,3,1,2,133.32,0
5,0,0,2263,384,26,3,1,1,1628.92,0
5,0,0,4008,26,37,1,1,1,367.07,0
0,0,0,2203,27,35,2,1,1,223.245,0
6,0,1,3585,57,30,3,1,1,374.68,0
0,0,0,2170,310,20,3,1,1,1328.36,0
8,0,2,8925,169,45,3,1,1,1037.84,0
2,0,0,13583,25,46,3,1,1,650.08,0
2,0,1,4325,27,27,3,1,1,284.32,0
1,0,0,5728,32,14,3,1,1,360.92,0
4,0,0,2048,33,19,3,1,2,216.08,0
20,0,3,14950,79,34,3,1,1,923.0,0
0,0,1,2905,508,10,3,1,1,2149.28,0
4,0,0,15295,175,32,2,1,1,1483.965,0
0,0,1,6310,211,28,3,1,1,1099.84,0
0,0,0,685,25,13,2,1,2,143.955,0
0,0,0,520,38,10,3,1,2,173.36,0
0,0,0,0,25,0,2,1,2,112.5,1
0,0,0,7318,409,45,3,1,1,1933.8,0
2,0,1,11275,36,49,4,1,1,375.725,0
3,0,1,6528,133,39,2,1,1,895.635,0
18,0,0,765,41,19,3,1,2,196.48,1
16,0,8,10245,26,44,5,2,1,194.07,0
8,1,1,5628,51,26,2,1,1,487.17,1
0,0,0,2650,25,16,3,1,1,206.88,0
4,1,0,2800,34,18,3,1,2,249.64,1
4,0,0,2078,59,33,3,1,2,320.88,1
0,0,0,0,25,0,3,1,2,100.0,1
0,0,0,1478,25,8,4,1,1,100.075,0
0,0,1,6595,39,24,5,1,1,158.88,0
0,0,0,438,34,6,4,1,2,96.125,1
0,0,1,148,29,4,5,1,1,45.78,0
20,0,3,15885,25,82,2,1,1,838.035,0
1,0,3,6775,296,35,2,2,1,1642.095,0
0,0,0,3528,27,30,3,1,1,252.4,0
0,0,0,1475,63,22,3,1,2,312.76,0
1,0,0,2590,200,25,2,1,1,1018.935,0
0,0,1,1125,218,13,2,2,1,1033.245,0
0,0,0,1378,55,70,4,1,1,172.925,0
6,0,0,510,35,9,3,1,2,161.4,0
0,0,0,635,46,5,4,1,2,131.125,0
5,0,0,1035,44,15,2,1,1,246.015,0
0,0,0,3035,33,25,3,1,1,255.84,0
0,0,0,1505,53,16,2,1,1,307.395,0
11,0,1,6203,110,44,2,2,1,780.48,0
7,0,0,8743,98,42,5,1,1,280.71,0
3,0,3,2663,56,21,3,1,1,332.32,0
0,0,1,4200,240,12,3,1,1,1129.6,0
0,1,1,1298,25,9,3,1,1,152.68,1
3,0,0,3950,0,11,2,1,1,180.405,0
5,0,0,2033,320,18,2,1,1,1533.645,0
5,0,0,3778,0,29,1,1,1,210.76,0
0,0,0,1973,0,27,1,1,1,111.045,0
6,0,0,3355,0,22,2,1,1,154.125,0
0,0,0,1940,246,12,3,1,1,1062.68,0
8,0,0,8695,105,37,3,1,1,772.16,0
2,0,0,13353,0,38,3,1,1,540.4,0
2,0,0,4095,0,19,3,1,1,166.64,0
1,0,0,5498,0,6,2,1,1,251.145,0
4,0,0,1818,0,11,3,1,2,74.4,0
20,0,1,14720,15,26,2,1,1,739.485,0
0,0,0,2675,444,2,3,1,1,1883.6,0
4,0,0,15065,111,24,2,1,1,1185.075,0
0,0,0,6080,147,20,3,1,1,834.16,0
0,0,0,455,0,5,2,1,2,20.565,0
0,0,0,290,0,2,2,1,2,13.14,0
0,0,0,7088,345,37,2,1,1,1876.635,0
2,0,0,11045,0,41,3,1,1,447.48,0
3,0,0,6298,69,31,2,1,1,596.745,0
18,0,0,535,0,11,2,1,2,25.65,1
16,0,6,10015,0,36,4,1,1,252.4,0
8,0,0,5398,0,18,2,1,1,246.78,1
0,0,0,2420,0,8,3,1,1,97.2,0
4,1,0,2570,0,10,2,1,2,116.955,1
4,0,0,1848,0,25,3,1,2,75.2,1
0,0,0,1248,0,3,3,1,1,50.44,0
0,0,0,6365,0,16,4,1,1,161.25,0
20,0,1,15655,0,74,2,1,1,714.645,0
1,0,1,6545,232,27,2,2,1,1343.205,0
0,0,0,3298,0,22,2,1,1,151.56,0
0,0,0,1245,0,14,3,1,2,51.08,0
1,0,0,2360,136,17,2,1,1,720.045,0
0,0,0,895,154,5,2,2,1,734.355,0
0,0,0,1148,0,62,4,1,1,29.375,0
6,0,0,280,0,1,2,1,2,13.185,0
5,0,0,805,0,7,1,1,1,45.375,0
0,0,0,2805,0,17,3,1,1,114.16,0
0,0,0,1275,0,8,2,1,1,58.005,0
11,0,0,5973,46,36,1,2,1,588.61,0
7,0,0,8513,34,34,4,1,1,301.8,0
3,0,1,2433,0,13,3,1,1,98.64,0
0,0,0,3970,176,4,2,1,1,971.91,0
0,1,0,1068,0,1,2,1,1,48.375,1
5,0,0,4255,7,18,2,1,1,225.945,0
0,0,0,0,9,0,2,1,2,40.5,0
7,0,0,2338,361,25,2,1,1,1732.185,0
7,0,0,4083,3,36,1,1,1,244.42,0
0,0,0,2278,4,34,1,1,1,150.205,0
8,0,0,3660,34,29,2,1,1,321.165,0
1,0,0,2245,287,19,3,1,1,1239.16,0
10,0,1,9000,146,44,3,1,1,948.64,0
4,0,0,13658,2,45,3,1,1,560.88,0
4,0,0,4400,4,26,3,1,1,195.12,0
3,0,0,5803,9,13,2,1,1,305.685,0
6,1,0,2123,10,18,3,1,2,126.88,0
22,0,2,15025,56,33,3,1,1,833.8,0
1,0,0,2980,485,9,3,1,1,2060.08,0
6,0,0,15370,152,31,2,1,1,1383.615,0
0,0,0,6385,188,27,3,1,1,1010.64,0
0,0,0,760,2,12,2,1,2,43.605,0
0,0,0,595,15,9,2,1,2,94.68,0
0,0,0,0,2,0,2,1,2,9.0,1
0,0,0,7393,386,44,2,1,1,2075.175,0
4,0,0,11350,13,48,3,1,1,511.96,0
5,0,0,6603,110,38,2,1,1,795.285,0
20,0,0,840,18,18,2,1,2,120.69,1
18,0,7,10320,3,43,4,1,1,267.7,0
10,0,0,5703,28,25,2,1,1,386.82,1
0,0,0,2725,2,15,3,1,1,117.68,0
6,0,0,2875,11,17,2,1,2,180.495,1
6,1,0,2153,36,32,3,1,2,231.68,1
0,0,0,0,2,0,3,1,2,8.0,1
0,0,0,1553,2,7,3,1,1,70.92,0
0,0,0,6670,16,23,4,1,1,209.05,0
0,0,0,513,11,5,4,1,2,40.375,1
0,0,0,0,6,0,5,1,1,9.0,0
22,0,2,15960,2,81,2,1,1,737.685,0
3,0,2,6850,273,34,2,2,1,1541.745,0
0,0,0,3603,4,29,2,1,1,183.6,0
0,0,0,1550,40,21,3,1,2,223.56,0
3,0,0,2665,177,24,2,1,1,918.585,0
1,0,0,1200,195,12,2,2,1,932.895,0
1,0,0,1453,32,69,4,1,1,117.175,0
8,0,0,585,12,8,2,1,2,81.225,0
0,0,0,710,23,4,4,1,2,75.375,0
7,0,0,1110,21,14,2,1,1,145.665,0
0,0,0,3110,10,24,3,1,1,166.64,0
0,0,0,1580,30,15,2,1,1,207.045,0
13,0,0,6277,87,43,1,2,1,831.215,0
9,0,0,8817,75,41,4,1,1,412.075,0
5,0,2,2737,33,20,3,1,1,243.08,0
0,0,0,4275,217,11,3,1,1,1040.4,0
0,1,0,1372,2,8,2,1,1,71.37,1
1,0,0,3875,0,12,2,1,1,177.255,0
3,0,0,1958,343,19,2,1,1,1633.995,0
3,0,0,3703,0,30,2,1,1,169.29,0
0,0,0,1898,0,28,1,1,1,107.195,0
4,0,0,3280,16,23,2,1,1,222.975,0
0,0,0,1865,269,13,3,1,1,1151.88,0
6,0,1,8620,128,38,3,1,1,861.36,0
0,0,0,13278,0,39,3,1,1,537.6,0
0,0,0,4020,0,20,3,1,1,163.84,0
0,0,0,5423,0,7,2,1,1,247.995,0
2,0,0,1743,0,12,3,1,2,71.6,0
18,0,2,14645,38,27,3,1,1,746.52,0
0,0,0,2600,467,3,3,1,1,1972.8,0
2,0,0,14990,134,25,2,1,1,1285.425,0
0,0,0,6005,170,21,3,1,1,923.36,0
0,0,0,380,0,6,2,1,2,17.415,0
0,0,0,215,0,3,2,1,2,9.99,0
0,0,0,7013,368,38,2,1,1,1976.985,0
0,0,0,10970,0,42,3,1,1,444.68,0
1,0,0,6223,92,32,2,1,1,697.095,0
16,1,0,460,0,12,2,1,2,22.5,1
14,0,7,9940,0,37,4,1,1,250.65,0
6,0,0,5323,10,19,2,1,1,288.63,1
0,0,0,2345,0,9,3,1,1,94.4,0
2,1,0,2495,0,11,2,1,2,113.805,1
2,0,0,1773,18,26,3,1,2,144.4,1
0,0,0,1173,0,1,3,1,1,47.64,0
0,0,0,6290,0,17,4,1,1,159.5,0
18,0,2,15580,0,75,2,1,1,711.495,0
0,0,2,6470,255,28,2,2,1,1443.555,0
0,0,0,3223,0,23,2,1,1,148.41,0
0,0,0,1170,22,15,3,1,2,136.28,0
0,0,0,2285,159,18,2,1,1,820.395,0
0,0,0,820,177,6,2,2,1,834.705,0
0,0,0,1073,14,63,4,1,1,62.625,0
4,0,0,205,0,2,2,1,2,10.035,0
0,0,0,0,5,0,4,1,2,12.5,0
3,0,0,730,3,8,2,1,1,47.475,0
0,0,0,2730,0,18,3,1,1,111.36,0
0,0,0,1200,12,9,2,1,1,108.855,0
9,0,0,5897,69,37,1,2,1,711.205,0
5,0,0,8437,57,35,4,1,1,357.525,0
1,0,2,2357,15,14,3,1,1,155.8,0
0,0,0,3895,199,5,3,1,1,953.12,0
0,0,0,992,0,2,2,1,1,45.18,1
1,0,0,4065,0,14,2,1,1,185.58,0
3,0,0,2148,344,21,2,1,1,1646.82,0
3,0,0,3893,0,32,1,1,1,217.085,0
0,0,0,2088,0,30,1,1,1,117.37,0
4,0,0,3470,17,25,2,1,1,235.8,0
0,0,0,2055,270,15,3,1,1,1163.28,0
6,0,0,8810,129,40,3,1,1,872.76,0
0,0,0,13468,0,41,3,1,1,545.0,0
0,0,0,4210,0,22,3,1,1,171.24,0
0,0,0,5613,0,9,2,1,1,256.32,0
2,0,0,1933,0,14,3,1,2,79.0,0
18,0,1,14835,39,29,2,1,1,852.66,0
0,0,0,2790,468,5,3,1,1,1984.2,0
2,0,0,15180,135,27,2,1,1,1298.25,0
0,0,0,6195,171,23,3,1,1,934.76,0
0,0,0,570,0,8,2,1,2,25.74,0
0,0,0,405,0,5,2,1,2,18.315,0
0,0,0,7203,369,40,2,1,1,1989.81,0
0,0,0,11160,0,44,3,1,1,452.08,0
1,0,0,6413,93,34,2,1,1,709.92,0
16,0,0,650,1,14,2,1,2,35.325,1
14,0,6,10130,0,39,4,1,1,255.275,0
6,0,0,5513,11,21,2,1,1,301.455,1
0,0,0,2535,0,11,3,1,1,101.8,0
2,0,0,2685,0,13,2,1,2,122.13,1
2,0,0,1963,19,28,3,1,2,155.8,1
0,0,0,1363,0,3,3,1,1,55.04,0
0,0,0,6480,0,19,4,1,1,164.125,0
18,0,1,15770,0,77,2,1,1,719.82,0
0,0,1,6660,256,30,2,2,1,1456.38,0
0,0,0,3413,0,25,2,1,1,156.735,0
0,0,0,1360,23,17,3,1,2,147.68,0
0,0,0,2475,160,20,2,1,1,833.22,0
0,0,0,1010,178,8,2,2,1,847.53,0
0,0,0,1263,15,65,4,1,1,69.75,0
4,0,0,395,0,4,2,1,2,18.36,0
0,0,0,520,6,2,4,1,2,28.1,0
3,0,0,920,4,10,1,1,1,73.7,0
0,0,0,2920,0,20,3,1,1,118.76,0
0,0,0,1390,13,11,2,1,1,121.68,0
9,0,0,6087,70,39,1,2,1,726.88,0
5,0,0,8627,58,37,4,1,1,364.65,0
1,0,1,2547,16,16,3,1,1,167.2,0
0,0,0,4085,200,7,2,1,1,1085.085,0
0,0,0,1182,0,4,2,1,1,53.505,1
5,0,0,4065,6,16,3,1,1,189.44,0
0,0,0,13,8,3,3,1,2,32.72,0
7,0,0,2148,360,23,3,1,1,1528.32,0
7,0,0,3893,2,34,1,1,1,228.745,0
0,0,0,2088,3,32,2,1,1,110.07,0
8,0,1,3470,33,27,3,1,1,274.08,0
1,0,0,2055,286,17,3,1,1,1227.76,0
10,0,2,8810,145,42,3,1,1,937.24,0
4,0,0,13468,1,43,3,1,1,549.48,0
4,0,1,4210,3,24,3,1,1,183.72,0
3,0,0,5613,8,11,3,1,1,260.32,0
6,0,0,1933,9,16,3,1,2,115.48,0
22,0,3,14835,55,31,3,1,1,822.4,0
1,0,1,2790,484,7,3,1,1,2048.68,0
6,0,0,15180,151,29,2,1,1,1370.79,0
0,0,1,6195,187,25,3,1,1,999.24,0
0,0,0,570,1,10,2,1,2,30.78,0
0,0,0,405,14,7,3,1,2,72.76,0
0,0,0,0,1,0,2,1,2,4.5,1
0,0,0,7203,385,42,3,1,1,1833.2,0
4,0,1,11160,12,46,4,1,1,312.85,0
5,0,1,6413,109,36,2,1,1,782.46,0
20,0,0,650,17,16,3,1,2,95.88,1
18,0,8,10130,2,41,5,1,1,156.345,0
10,0,1,5513,27,23,2,1,1,373.995,1
0,0,0,2535,1,13,3,1,1,106.28,0
6,1,0,2685,10,15,3,1,2,149.04,1
6,0,0,1963,35,30,3,1,2,220.28,1
0,0,0,0,1,0,3,1,2,4.0,1
0,0,0,1363,1,5,4,1,1,37.2,0
0,0,1,6480,15,21,5,1,1,121.155,0
0,0,0,323,10,3,4,1,2,33.25,1
0,0,1,33,5,1,5,1,1,8.055,0
22,0,3,15770,1,79,2,1,1,724.86,0
3,0,3,6660,272,32,2,2,1,1528.92,0
0,0,0,3413,3,27,3,1,1,151.8,0
0,0,0,1360,39,19,3,1,2,212.16,0
3,0,0,2475,176,22,2,1,1,905.76,0
1,0,1,1010,194,10,2,2,1,920.07,0
1,0,0,1263,31,67,4,1,1,110.05,0
8,0,0,395,11,6,3,1,2,60.8,0
0,0,0,520,22,2,4,1,2,68.25,0
7,0,0,920,20,12,2,1,1,132.84,0
0,0,0,2920,9,22,3,1,1,155.24,0
0,0,0,1390,29,13,2,1,1,194.22,0
13,0,1,6087,86,41,2,2,1,667.26,0
9,0,0,8627,74,39,5,1,1,242.97,0
5,0,3,2547,32,18,3,1,1,231.68,0
0,0,1,4085,216,9,3,1,1,1029.0,0
0,0,1,1182,1,6,3,1,1,52.04,1
9,0,0,4775,23,15,2,1,1,321.795,0
1,0,0,723,8,2,2,1,2,68.985,0
11,0,0,2858,360,22,2,1,1,1751.535,0
11,0,0,4603,2,33,1,1,1,268.07,0
4,0,0,2798,3,31,1,1,1,173.855,0
12,0,1,4180,33,26,3,1,1,302.68,0
5,0,0,2765,286,16,3,1,1,1256.36,0
14,0,2,9520,145,41,3,1,1,965.84,0
8,0,0,14178,1,42,3,1,1,578.08,0
8,0,1,4920,3,23,3,1,1,212.32,0
7,0,0,6323,8,10,2,1,1,325.035,0
10,0,0,2643,9,15,3,1,2,144.08,0
26,1,3,15545,55,30,3,1,1,851.0,0
5,0,1,3500,484,6,3,1,1,2077.28,0
10,0,0,15890,151,28,2,1,1,1402.965,0
4,0,1,6905,187,24,3,1,1,1027.84,0
1,0,0,1280,1,9,2,1,2,62.955,0
3,0,0,1115,14,6,2,1,2,114.03,0
0,0,0,0,1,0,2,1,2,4.5,1
4,0,0,7913,385,41,2,1,1,2094.525,0
8,0,1,11870,12,45,3,1,1,529.16,0
9,0,1,7123,109,35,2,1,1,814.635,0
24,0,0,1360,17,15,2,1,2,140.04,1
22,0,8,10840,2,40,4,1,1,278.45,0
14,0,1,6223,27,22,2,1,1,406.17,0
2,0,0,3245,1,12,3,1,1,134.88,0
10,0,0,3395,10,14,3,1,2,177.64,1
10,1,0,2673,35,29,3,1,2,248.88,1
1,0,0,538,1,1,3,1,2,25.8,1
2,0,0,2073,1,4,3,1,1,88.12,0
4,0,1,7190,15,20,4,1,1,219.8,0
1,0,0,1033,10,2,4,1,2,51.125,1
1,0,1,743,5,1,5,1,1,18.78,0
26,0,3,16480,1,78,2,1,1,757.035,0
7,0,3,7370,272,31,2,2,1,1561.095,0
3,0,0,4123,3,26,2,1,1,202.95,0
4,0,0,2070,39,18,3,1,2,240.76,0
7,0,0,3185,176,21,2,1,1,937.935,0
5,0,1,1720,194,9,2,2,1,952.245,0
5,0,0,1973,31,66,4,1,1,127.925,0
12,0,0,1105,11,5,2,1,2,100.575,0
1,0,0,1230,22,1,4,1,2,86.125,0
11,0,0,1630,20,11,2,1,1,165.015,0
3,0,0,3630,9,21,3,1,1,183.84,0
3,0,0,2100,29,12,2,1,1,226.395,0
17,0,1,6797,86,40,1,2,1,854.865,0
13,0,0,9337,74,38,4,1,1,422.825,0
9,0,3,3257,32,17,3,1,1,260.28,0
3,0,1,4795,216,8,3,1,1,1057.6,0
4,0,1,1892,1,5,3,1,1,80.64,1
0,0,0,3355,0,15,2,1,1,153.405,0
0,0,0,1438,327,22,2,1,1,1538.145,0
0,0,0,3183,0,33,1,1,1,177.76,0
0,0,0,1378,0,31,1,1,1,78.045,0
0,0,0,2760,0,26,2,1,1,127.125,0
0,0,0,1345,253,16,3,1,1,1066.68,0
2,0,0,8100,112,41,3,1,1,776.16,0
0,0,0,12758,0,42,3,1,1,516.4,0
0,0,0,3500,0,23,3,1,1,142.64,0
0,0,0,4903,0,10,2,1,1,224.145,0
0,0,0,1223,0,15,3,1,2,50.4,0
14,0,1,14125,22,30,2,1,1,743.985,0
0,0,0,2080,451,6,3,1,1,1887.6,0
0,0,0,14470,118,28,2,1,1,1189.575,0
0,0,0,5485,154,24,3,1,1,838.16,0
0,0,0,6493,352,41,2,1,1,1881.135,0
0,0,0,10450,0,45,3,1,1,423.48,0
0,0,0,5703,76,35,2,1,1,601.245,0
10,0,6,9420,0,40,4,1,1,237.4,0
2,1,0,4803,0,22,2,1,1,219.78,1
0,0,0,1825,0,12,3,1,1,73.2,0
0,0,0,1975,0,14,2,1,2,89.955,1
0,0,0,1253,2,29,3,1,2,59.2,1
0,0,0,653,0,4,3,1,1,26.44,0
0,0,0,5770,0,20,4,1,1,146.25,0
14,0,1,15060,0,78,2,1,1,687.645,0
0,0,1,5950,239,31,2,2,1,1347.705,0
0,0,0,2703,0,26,2,1,1,124.56,0
0,0,0,650,6,18,3,1,2,51.08,0
0,0,0,1765,143,21,2,1,1,724.545,0
0,0,0,300,161,9,2,2,1,738.855,0
0,0,0,553,0,66,4,1,1,14.375,0
0,0,0,210,0,11,2,1,1,10.125,0
0,0,0,2210,0,21,3,1,1,90.16,0
0,0,0,680,0,12,2,1,1,31.005,0
5,0,0,5377,53,40,1,2,1,594.055,0
1,0,0,7917,41,38,4,1,1,304.275,0
0,0,1,1837,0,17,3,1,1,74.6,0
0,0,0,3375,183,8,3,1,1,867.92,0
0,0,0,472,0,5,2,1,1,21.33,1
8,0,0,5513,19,22,2,1,1,337.725,1
4,1,0,1963,27,29,3,1,2,188.04,1
0,1,0,323,2,2,4,1,2,13.1,1
0,0,0,1010,186,9,2,2,1,883.8,0
11,0,0,6087,78,40,1,2,1,771.21,0
7,0,0,8627,66,38,4,1,1,384.8,0
3,0,2,2547,24,17,3,1,1,199.44,0
0,0,0,1182,0,5,2,1,1,53.775,1
18,1,0,650,9,15,2,1,2,71.595,1
4,1,0,2685,2,14,2,1,2,131.4,1
13,0,1,4675,12,19,3,1,1,238.08,0
5,0,0,623,14,6,3,1,2,81.36,0
15,0,1,2758,366,26,3,1,1,1576.96,0
15,0,1,4503,8,37,1,1,1,295.625,0
8,0,1,2698,9,35,2,1,1,164.79,0
16,0,2,4080,39,30,3,1,1,322.72,0
9,0,1,2665,292,20,3,1,1,1276.4,0
18,0,3,9420,151,45,3,1,1,985.88,0
12,0,1,14078,7,46,3,1,1,598.12,0
12,0,2,4820,9,27,3,1,1,232.36,0
11,0,1,6223,14,14,3,1,1,308.96,0
14,1,0,2543,15,19,3,1,2,164.12,0
30,0,4,15445,61,34,3,2,1,871.04,0
9,0,2,3400,490,10,3,1,1,2097.32,0
14,0,1,15790,157,32,2,1,1,1425.51,0
8,0,2,6805,193,28,3,1,1,1047.88,0
5,0,0,1180,7,13,2,1,2,85.5,0
7,0,0,1015,20,10,3,1,2,121.4,0
5,0,0,305,7,2,2,1,2,45.495,1
8,0,1,7813,391,45,3,1,1,1881.84,0
12,0,2,11770,18,49,4,1,1,343.25,0
13,0,2,7023,115,39,2,1,1,837.18,0
28,0,0,1260,23,19,3,1,2,144.52,1
26,0,9,10740,8,44,5,1,1,174.585,0
18,0,2,6123,33,26,2,1,1,428.715,0
6,0,1,3145,7,16,3,1,1,154.92,0
14,1,0,3295,16,18,3,1,2,197.68,1
14,1,0,2573,41,33,4,1,2,168.075,1
5,0,0,438,7,4,3,1,2,45.84,1
6,0,1,1973,7,8,4,1,1,67.6,0
8,0,2,7090,21,24,5,1,1,139.395,0
5,0,0,933,16,6,4,1,2,63.65,1
5,0,2,643,11,4,5,1,1,26.295,0
30,0,4,16380,7,82,2,2,1,779.58,0
11,0,4,7270,278,35,3,2,1,1407.68,0
7,0,1,4023,9,30,3,1,1,200.44,0
8,0,0,1970,45,22,3,1,2,260.8,0
11,0,1,3085,182,25,2,1,1,960.48,0
9,0,2,1620,200,13,3,2,1,866.48,0
9,0,1,1873,37,70,5,1,1,84.27,0
16,0,0,1005,17,9,3,1,2,109.44,0
5,0,0,1130,28,5,4,1,2,98.65,0
15,0,1,1530,26,15,2,1,1,187.56,0
7,0,1,3530,15,25,3,1,1,203.88,0
7,0,1,2000,35,16,3,1,1,221.28,0
21,0,2,6698,92,44,2,2,1,722.025,0
17,0,1,9238,80,42,5,1,1,261.225,0
13,0,4,3158,38,21,3,2,1,280.36,0
7,0,2,4695,222,12,3,1,1,1077.64,0
8,1,2,1793,7,9,3,1,1,100.72,1
16,0,2,4735,17,21,3,1,1,260.6,0
8,0,2,683,19,8,3,1,1,103.88,0
18,0,2,2818,371,28,3,1,1,1599.48,0
18,0,2,4563,13,39,1,1,1,326.59,0
11,0,2,2758,14,37,2,1,1,190.125,0
19,0,3,4140,44,32,3,1,1,345.24,0
12,0,2,2725,297,22,4,1,1,811.825,0
21,0,4,9480,156,47,3,1,1,1008.4,0
15,0,2,14138,12,48,3,1,1,620.64,0
15,0,3,4880,14,29,4,1,1,159.3,0
14,0,2,6283,19,16,3,1,1,331.48,0
17,0,2,2603,20,21,4,1,1,116.65,0
33,0,5,15505,66,36,3,2,1,893.56,0
12,0,3,3460,495,12,4,1,1,1324.9,0
17,0,2,15850,162,34,2,1,1,1450.845,0
11,0,3,6865,198,30,3,1,1,1070.4,0
8,0,2,1240,12,15,2,1,1,110.835,0
10,0,2,1075,25,12,3,1,1,143.92,0
8,0,2,365,12,4,3,1,1,62.96,1
11,0,2,7873,396,47,3,1,1,1904.36,0
15,0,3,11830,23,51,4,1,1,357.325,0
16,0,3,7083,120,41,2,1,1,862.515,0
31,1,2,1320,28,21,3,1,1,167.04,1
29,1,10,10800,13,46,5,2,1,183.03,0
21,0,3,6183,38,28,3,1,1,403.6,0
9,0,2,3205,12,18,3,1,1,177.44,0
17,1,2,3355,21,20,3,1,1,220.2,1
17,0,2,2633,46,35,4,1,1,182.15,1
8,0,2,498,12,6,3,1,1,68.36,1
9,0,2,2033,12,10,4,1,1,81.675,0
11,0,3,7150,26,26,5,1,1,147.84,0
8,1,2,993,21,8,4,1,1,77.725,1
8,0,3,703,16,6,5,1,1,34.74,0
33,0,5,16440,12,84,2,2,1,804.915,0
14,0,5,7330,283,37,3,2,1,1430.2,0
10,0,2,4083,14,32,3,1,1,222.96,0
11,0,2,2030,50,24,4,1,1,177.075,0
14,0,2,3145,187,27,2,1,1,985.815,0
12,0,3,1680,205,15,3,2,1,889.0,0
12,0,2,1933,42,72,5,1,1,92.715,0
19,0,2,1065,22,11,3,1,1,131.96,0
8,0,2,1190,33,7,4,1,1,112.725,0
18,0,2,1590,31,17,2,1,1,212.895,0
10,0,2,3590,20,27,3,1,1,226.4,0
10,0,2,2060,40,18,3,1,1,243.8,0
24,0,3,6758,97,46,2,2,1,747.36,0
20,0,2,9298,85,44,5,1,1,269.67,0
16,0,5,3218,43,23,3,2,1,302.88,0
10,0,3,4755,227,14,3,1,1,1100.16,0
11,1,3,1853,12,11,3,1,1,123.24,1
10,0,1,4615,7,17,3,1,1,215.56,0
5,0,0,563,9,4,3,1,2,58.84,0
12,0,1,2698,361,24,3,1,1,1554.44,0
12,0,1,4443,7,35,1,1,1,286.66,0
5,0,1,2638,7,33,2,1,1,152.955,0
13,0,1,4020,34,28,3,1,1,300.2,0
6,0,1,2605,287,18,3,1,1,1253.88,0
15,0,2,9360,146,43,3,1,1,963.36,0
9,0,1,14018,7,44,3,1,1,595.6,0
9,0,1,4760,7,25,3,1,1,221.84,0
8,0,1,6163,9,12,3,1,1,286.44,0
11,0,0,2483,10,17,3,1,2,141.6,0
27,0,3,15385,56,32,3,1,1,848.52,0
6,0,1,3340,485,8,3,1,1,2074.8,0
11,0,1,15730,152,30,2,1,1,1400.175,0
5,0,1,6745,188,26,3,1,1,1025.36,0
5,0,0,1120,7,11,2,1,2,82.665,0
5,0,0,955,15,8,3,1,2,98.88,0
5,0,0,305,7,2,2,1,2,45.495,1
5,0,1,7753,386,43,3,1,1,1859.32,0
9,0,1,11710,13,47,4,1,1,329.175,0
10,0,1,6963,110,37,2,1,1,811.845,0
25,1,0,1200,18,17,3,1,2,122.0,1
23,0,8,10680,7,42,5,1,1,172.14,0
15,0,1,6063,28,24,2,1,1,403.38,0
5,0,1,3085,7,14,3,1,1,152.4,0
11,0,0,3235,11,16,3,1,2,175.16,1
11,1,0,2513,36,31,3,1,2,246.4,1
5,0,0,305,7,2,3,1,2,40.44,1
5,0,1,1913,7,6,4,1,1,66.025,0
5,0,1,7030,16,22,5,1,1,130.95,0
5,0,0,873,11,4,4,1,2,49.575,1
5,0,1,305,7,2,5,1,1,15.165,0
27,0,3,16320,7,80,2,1,1,776.745,0
8,0,3,7210,273,33,2,2,1,1558.305,0
5,0,1,3963,7,28,3,1,1,189.92,0
5,0,0,1910,40,20,3,1,2,238.28,0
8,0,1,3025,177,23,2,1,1,935.145,0
6,0,1,1560,195,11,2,2,1,949.455,0
6,0,1,1813,32,68,4,1,1,126.375,0
13,0,0,945,12,7,3,1,2,86.92,0
5,0,0,1070,23,3,4,1,2,84.575,0
12,0,1,1470,21,13,2,1,1,162.225,0
5,0,1,3470,10,23,3,1,1,181.36,0
5,0,1,1940,30,14,2,1,1,223.605,0
18,0,1,6638,87,42,2,2,1,696.69,0
14,0,1,9178,75,40,5,1,1,252.78,0
10,0,3,3098,33,19,3,1,1,257.84,0
5,0,1,4635,217,10,3,1,1,1055.12,0
5,1,1,1733,7,7,3,1,1,98.2,1
14,0,2,4755,22,23,3,1,1,281.36,0
6,0,0,703,24,10,3,1,2,124.64,0
16,0,2,2838,376,30,3,1,1,1620.24,0
16,0,2,4583,18,41,1,1,1,355.135,0
9,0,2,2778,19,39,2,1,1,213.48,0
17,0,3,4160,49,34,3,1,1,366.0,0
10,0,2,2745,302,24,4,1,1,824.8,0
19,0,4,9500,161,49,3,1,1,1029.16,0
13,0,2,14158,17,50,3,1,1,641.4,0
13,0,3,4900,19,31,3,1,1,275.64,0
12,0,2,6303,24,18,3,1,1,352.24,0
15,1,0,2623,25,23,3,1,2,207.4,0
31,0,5,15525,71,38,3,1,1,914.32,0
10,0,3,3480,500,14,4,1,1,1337.875,0
15,0,2,15870,167,36,2,1,1,1474.2,0
9,0,3,6885,203,32,3,1,1,1091.16,0
6,0,0,1260,17,17,2,1,2,134.19,0
8,0,0,1095,30,14,3,1,2,164.68,0
6,0,0,385,17,6,2,1,2,94.185,1
9,0,2,7893,401,49,3,1,1,1925.12,0
13,0,3,11850,28,53,4,1,1,370.3,0
14,0,3,7103,125,43,2,1,1,885.87,0
29,1,0,1340,33,23,3,1,2,187.8,1
27,0,10,10820,18,48,5,1,1,190.815,0
19,0,3,6203,43,30,3,1,1,424.36,0
7,0,2,3225,17,20,3,1,1,198.2,0
15,1,0,3375,26,22,3,1,2,240.96,1
15,1,0,2653,51,37,4,1,2,195.125,1
6,0,0,518,17,8,3,1,2,89.12,1
7,0,2,2053,17,12,4,1,1,94.65,0
9,0,3,7170,31,28,5,1,1,155.625,0
6,1,0,1013,26,10,4,1,2,90.7,1
6,0,3,723,21,8,5,1,1,42.525,0
31,0,5,16460,17,86,2,1,1,828.27,0
12,0,5,7350,288,39,3,2,1,1450.96,0
8,0,2,4103,19,34,3,1,1,243.72,0
9,1,0,2050,55,26,4,1,2,190.05,0
12,0,2,3165,192,29,2,1,1,1009.17,0
10,0,3,1700,210,17,3,2,1,909.76,0
10,0,2,1953,47,74,5,1,1,100.5,0
17,0,0,1085,27,13,3,1,2,152.72,0
6,0,0,1210,38,9,4,1,2,125.7,0
16,0,2,1610,36,19,2,1,1,236.25,0
8,0,2,3610,25,29,3,1,1,247.16,0
8,0,2,2080,45,20,3,1,1,264.56,0
22,0,3,6778,102,48,2,2,1,770.715,0
18,0,2,9318,90,46,5,1,1,277.455,0
14,0,5,3238,48,25,3,2,1,323.64,0
8,0,3,4775,232,16,3,1,1,1120.92,0
9,1,3,1873,17,13,3,1,1,144.0,1
12,0,1,4595,7,15,3,1,1,214.8,0
5,0,0,305,7,2,3,1,2,40.44,0
14,0,1,2678,356,22,3,1,1,1533.68,0
14,0,1,4423,7,33,2,1,1,233.685,0
7,0,1,2618,7,31,2,1,1,152.1,0
15,0,1,4000,29,26,3,1,1,279.44,0
8,0,1,2585,282,16,3,1,1,1233.12,0
17,0,2,9340,141,41,3,1,1,942.6,0
11,0,1,13998,7,42,3,1,1,594.84,0
11,0,1,4740,7,23,3,1,1,221.08,0
10,0,1,6143,7,10,3,1,1,277.68,0
13,0,0,2463,7,15,3,1,2,128.84,0
29,0,3,15365,51,30,3,1,1,827.76,0
8,0,1,3320,480,6,3,1,1,2054.04,0
13,0,1,15710,147,28,2,1,1,1376.82,0
7,0,1,6725,183,24,3,1,1,1004.6,0
5,0,0,1100,7,9,2,1,2,81.81,0
6,0,0,935,10,6,3,1,2,78.12,0
5,0,0,305,7,2,2,1,2,45.495,1
7,0,1,7733,381,41,3,1,1,1838.56,0
11,0,1,11690,8,45,4,1,1,316.2,0
12,0,1,6943,105,35,2,1,1,788.49,0
27,1,0,1180,13,15,3,1,2,101.24,1
25,0,8,10660,7,40,5,1,1,171.855,0
17,0,1,6043,23,22,2,1,1,380.025,0
5,0,1,3065,7,12,3,1,1,151.64,0
13,1,0,3215,7,14,3,1,2,158.4,1
13,1,0,2493,31,29,3,1,2,225.64,1
5,0,0,305,7,2,3,1,2,40.44,1
5,0,1,1893,7,4,4,1,1,65.55,0
7,0,1,7010,11,20,5,1,1,123.165,0
5,0,0,305,7,2,4,1,2,25.275,1
5,0,1,305,7,2,5,1,1,15.165,0
29,0,3,16300,7,78,2,1,1,775.89,0
10,0,3,7190,268,31,3,2,1,1364.4,0
6,0,1,3943,7,26,3,1,1,189.16,0
7,0,0,1890,35,18,3,1,2,217.52,0
10,0,1,3005,172,21,2,1,1,911.79,0
8,0,1,1540,190,9,3,2,1,823.2,0
8,0,1,1793,27,66,4,1,1,113.4,0
15,0,0,925,7,5,3,1,2,66.16,0
5,0,0,305,18,2,4,1,2,52.775,0
14,0,1,1450,16,11,2,1,1,138.87,0
6,0,1,3450,7,21,3,1,1,168.6,0
6,0,1,1920,25,12,2,1,1,200.25,0
20,0,1,6618,82,40,2,2,1,673.335,0
16,0,1,9158,70,38,5,1,1,244.995,0
12,0,3,3078,28,17,3,1,1,237.08,0
6,0,1,4615,212,8,3,1,1,1034.36,0
7,1,1,1713,7,5,3,1,1,97.44,1
18,0,2,4935,27,25,3,1,1,308.88,0
10,0,0,883,29,12,3,1,2,152.16,0
20,0,2,3018,381,32,3,1,1,1647.76,0
20,0,2,4763,23,43,1,1,1,392.975,0
13,0,2,2958,24,41,2,1,1,244.44,0
21,0,3,4340,54,36,3,1,1,393.52,0
14,0,2,2925,307,26,4,1,1,842.0,0
23,0,4,9680,166,51,3,1,1,1056.68,0
17,0,2,14338,22,52,3,1,1,668.92,0
17,0,3,5080,24,33,4,1,1,189.475,0
16,0,2,6483,29,20,3,1,1,379.76,0
19,0,0,2803,30,25,4,1,2,146.825,0
35,0,5,15705,76,40,3,1,1,941.84,0
14,0,3,3660,505,16,4,1,1,1355.075,0
19,0,2,16050,172,38,2,1,1,1505.16,0
13,0,3,7065,208,34,4,1,1,699.175,0
10,0,0,1440,22,19,3,1,2,146.8,0
12,0,0,1275,35,16,3,1,2,192.2,0
10,0,0,565,22,8,3,1,2,111.24,1
13,0,2,8073,406,51,3,1,1,1952.64,0
17,0,3,12030,33,55,4,1,1,387.5,0
18,0,3,7283,130,45,2,1,1,916.83,0
33,1,0,1520,38,25,3,1,2,215.32,1
31,0,10,11000,23,50,5,1,1,201.135,0
23,0,3,6383,48,32,3,1,1,451.88,0
11,0,2,3405,22,22,4,1,1,141.075,0
19,1,0,3555,31,24,3,1,2,268.48,1
19,1,0,2833,56,39,4,1,2,212.325,1
10,0,0,698,22,10,3,1,2,116.64,1
11,0,2,2233,22,14,4,1,1,111.85,0
13,0,3,7350,36,30,5,1,1,165.945,0
10,1,0,1193,31,12,4,1,2,107.9,1
10,0,3,903,26,10,5,1,1,52.845,0
35,0,5,16640,22,88,2,2,1,859.23,0
16,1,5,7530,293,41,3,2,1,1478.48,0
12,0,2,4283,24,36,3,1,1,271.24,0
13,0,0,2230,60,28,4,1,2,207.25,0
16,0,2,3345,197,31,2,1,1,1040.13,0
14,0,3,1880,215,19,3,2,1,937.28,0
14,0,2,2133,52,76,5,1,1,110.82,0
21,0,0,1265,32,15,3,1,2,180.24,0
10,0,0,1390,43,11,4,1,2,142.9,0
20,0,2,1790,41,21,2,1,1,267.21,0
12,0,2,3790,30,31,4,1,1,171.675,0
12,0,2,2260,50,22,3,1,1,292.08,0
26,0,3,6958,107,50,2,2,1,801.675,0
22,0,2,9498,95,48,5,1,1,287.775,0
18,0,5,3418,53,27,4,2,1,219.475,0
12,0,3,4955,237,18,3,1,1,1148.44,0
13,0,3,2053,22,15,3,1,1,171.52,1
8,0,1,4415,7,13,3,1,1,207.28,0
5,0,0,305,7,2,2,1,2,45.495,0
10,0,1,2498,351,20,3,1,1,1506.16,0
10,0,1,4243,7,31,2,1,1,225.225,0
5,0,1,2438,7,29,1,1,1,175.56,0
11,0,1,3820,24,24,3,1,1,251.92,0
5,0,1,2405,277,14,3,1,1,1205.6,0
13,0,2,9160,136,39,3,1,1,915.08,0
7,0,1,13818,7,40,3,1,1,587.32,0
7,0,1,4560,7,21,3,1,1,213.56,0
6,0,1,5963,7,8,3,1,1,270.16,0
9,0,0,2283,7,13,3,1,2,121.32,0
25,0,3,15185,46,28,3,1,1,800.24,0
5,0,1,3140,475,4,3,1,1,2026.52,0
9,0,1,15530,142,26,2,1,1,1345.86,0
5,0,1,6545,178,22,3,1,1,977.08,0
5,0,0,920,7,7,2,1,2,73.35,0
5,0,0,755,7,4,3,1,2,58.6,0
5,0,0,305,7,2,2,1,2,45.495,1
5,0,1,7553,376,39,2,1,1,2037.42,0
7,0,1,11510,7,43,4,1,1,309.0,0
8,0,1,6763,100,33,2,1,1,757.53,0
23,0,0,1000,8,13,2,1,2,82.935,1
21,0,8,10480,7,38,5,1,1,169.035,0
13,0,1,5863,18,20,2,1,1,349.065,1
5,0,1,2885,7,10,3,1,1,144.12,0
9,0,0,3035,7,12,3,1,2,150.88,1
9,1,0,2313,26,27,3,1,2,198.12,1
5,0,0,305,7,2,3,1,2,40.44,1
5,0,1,305,7,2,3,1,1,40.44,0
5,0,1,6830,7,18,5,1,1,114.345,0
5,0,0,305,7,2,4,1,2,25.275,1
5,0,1,305,7,2,5,1,1,15.165,1
25,0,3,16120,7,76,2,1,1,767.43,0
6,0,3,7010,263,29,2,2,1,1503.99,0
5,0,1,3763,7,24,2,1,1,204.345,0
5,0,0,1710,30,16,3,1,2,190.0,0
6,0,1,2825,167,19,2,1,1,880.83,0
5,0,1,1360,185,7,2,2,1,895.14,0
5,0,1,1613,22,64,4,1,1,96.2,0
11,0,0,745,7,3,2,1,2,65.97,0
5,0,0,305,13,2,4,1,2,40.275,0
10,0,1,1270,11,9,2,1,1,107.91,0
5,0,1,3270,7,19,3,1,1,161.08,0
5,0,1,1740,20,10,2,1,1,169.29,0
16,0,1,6438,77,38,2,2,1,642.375,0
12,0,1,8978,65,36,4,1,1,391.125,0
8,0,3,2898,23,15,3,1,1,209.56,0
5,0,1,4435,207,6,3,1,1,1006.84,0
5,1,0,1533,7,3,3,1,1,89.92,1
15,0,1,4855,23,24,3,1,1,289.6,0
7,0,0,803,25,11,3,1,2,132.88,0
17,0,1,2938,377,31,3,1,1,1628.48,0
17,0,1,4683,19,42,1,1,1,366.465,0
10,0,1,2878,20,40,2,1,1,222.75,0
18,0,2,4260,50,35,3,1,1,374.24,0
11,0,1,2845,303,25,3,1,1,1327.92,0
20,0,3,9600,162,50,3,1,1,1037.4,0
14,0,1,14258,18,51,3,1,1,649.64,0
14,0,2,5000,20,32,3,1,1,283.88,0
13,0,1,6403,25,19,3,1,1,360.48,0
16,1,0,2723,26,24,3,1,2,215.64,0
32,0,4,15625,72,39,3,1,1,922.56,0
11,0,2,3580,501,15,3,1,1,2148.84,0
16,0,1,15970,168,37,2,1,1,1483.47,0
10,0,2,6985,204,33,3,1,1,1099.4,0
7,0,0,1360,18,18,2,1,2,143.46,0
9,0,0,1195,31,15,3,1,2,172.92,0
7,0,0,485,18,7,2,1,2,103.455,1
10,0,1,7993,402,50,3,1,1,1933.36,0
14,0,2,11950,29,54,4,1,1,375.45,0
15,0,2,7203,126,44,2,1,1,895.14,0
30,0,0,1440,34,24,3,1,2,196.04,1
28,0,9,10920,19,49,5,2,1,193.905,0
20,0,2,6303,44,31,2,1,1,486.675,0
8,0,1,3325,18,21,3,1,1,206.44,0
16,1,0,3475,27,23,3,1,2,249.2,1
16,1,0,2753,52,38,4,1,2,200.275,1
7,1,0,618,18,9,3,1,2,97.36,1
8,0,1,2153,18,13,4,1,1,99.8,0
10,0,2,7270,32,29,5,1,1,158.715,0
7,0,0,1113,27,11,4,1,2,95.85,1
7,0,2,823,22,9,5,1,1,45.615,0
32,1,4,16560,18,87,2,2,1,837.54,0
13,0,4,7450,289,40,3,2,1,1459.2,0
9,0,1,4203,20,35,3,1,1,251.96,0
10,0,0,2150,56,27,3,1,2,312.32,0
13,0,1,3265,193,30,2,1,1,1018.44,0
11,0,2,1800,211,18,3,2,1,918.0,0
11,0,1,2053,48,75,5,1,1,103.59,0
18,0,0,1185,28,14,3,1,2,160.96,0
7,0,0,1310,39,10,4,1,2,130.85,0
17,0,1,1710,37,20,2,1,1,245.52,0
9,0,1,3710,26,30,3,1,1,255.4,0
9,0,1,2180,46,21,3,1,1,272.8,0
23,0,2,6878,103,49,2,2,1,779.985,0
19,0,1,9418,91,47,5,1,1,280.545,0
15,0,4,3338,49,26,3,1,1,331.88,0
9,0,2,4875,233,17,3,1,1,1129.16,0
10,0,2,1973,18,14,3,1,1,152.24,1
11,0,1,4495,7,14,3,1,1,210.56,0
5,0,0,305,7,2,3,1,2,40.44,0
13,0,1,2578,355,21,3,1,1,1525.44,0
13,0,1,4323,7,32,1,1,1,279.785,0
6,0,1,2518,7,30,2,1,1,147.33,0
14,0,2,3900,28,25,3,1,1,271.2,0
7,0,1,2485,281,15,3,1,1,1224.88,0
16,0,3,9240,140,40,3,1,1,934.36,0
10,0,1,13898,7,41,3,1,1,590.6,0
10,0,2,4640,7,22,3,1,1,216.84,0
9,0,1,6043,7,9,3,1,1,273.44,0
12,0,0,2363,7,14,3,1,2,124.6,0
28,0,4,15265,50,29,3,2,1,819.52,0
7,0,2,3220,479,5,3,1,1,2045.8,0
12,0,1,15610,146,27,2,1,1,1367.55,0
6,0,2,6625,182,23,3,1,1,996.36,0
5,0,0,1000,7,8,2,1,2,77.04,0
5,0,0,835,9,5,3,1,2,69.88,0
5,0,0,305,7,2,2,1,2,45.495,1
6,0,1,7633,380,40,3,1,1,1830.32,0
10,0,2,11590,7,44,4,1,1,311.05,0
11,0,2,6843,104,34,2,1,1,779.22,0
26,1,0,1080,12,14,3,1,2,93.0,1
24,0,9,10560,7,39,5,1,1,170.265,0
16,0,2,5943,22,21,2,1,1,370.755,1
5,0,1,2965,7,11,3,1,1,147.4,0
12,1,0,3115,7,13,3,1,2,154.16,1
12,0,0,2393,30,28,4,1,2,135.875,1
5,1,0,305,7,2,3,1,2,40.44,1
5,0,1,1793,7,3,4,1,1,62.9,0
6,0,2,6910,10,19,5,1,1,120.075,0
5,0,0,305,7,2,4,1,2,25.275,1
5,0,1,305,7,2,5,1,1,15.165,0
28,0,4,16200,7,77,2,2,1,771.12,0
9,0,4,7090,267,30,3,2,1,1356.16,0
5,0,1,3843,7,25,3,1,1,184.92,0
6,0,0,1790,34,17,3,1,2,209.28,0
9,0,1,2905,171,20,2,1,1,902.52,0
7,0,2,1440,189,8,3,2,1,814.96,0
7,0,1,1693,26,65,5,1,1,64.95,0
14,0,0,825,7,4,3,1,2,61.92,0
5,0,0,305,17,2,4,1,2,50.275,0
13,0,1,1350,15,10,2,1,1,129.6,0
5,0,1,3350,7,20,3,1,1,164.36,0
5,0,1,1820,24,11,3,1,1,169.76,0
19,0,2,6518,81,39,2,2,1,664.065,0
15,0,1,9058,69,37,5,1,1,241.905,0
11,0,4,2978,27,16,3,1,1,228.84,0
5,0,2,4515,211,7,3,1,1,1026.12,0
6,1,2,1613,7,4,3,1,1,93.2,1
17,0,3,5275,33,34,3,1,1,346.48,0
9,0,0,1223,35,21,3,1,2,189.76,0
19,0,3,3358,387,41,3,1,1,1685.36,0
19,0,3,5103,29,52,1,1,1,444.675,0
12,0,3,3298,30,50,2,1,1,286.74,0
20,0,4,4680,60,45,3,1,1,431.12,0
13,0,3,3265,313,35,4,1,1,865.5,0
22,1,5,10020,172,60,3,1,1,1094.28,0
16,0,3,14678,28,61,3,1,1,706.52,0
16,0,4,5420,30,42,3,1,1,340.76,0
15,0,3,6823,35,29,3,1,1,417.36,0
18,0,0,3143,36,34,3,1,2,272.52,0
34,1,6,16045,82,49,3,2,1,979.44,0
13,0,4,4000,511,25,4,1,1,1378.575,0
18,0,3,16390,178,47,2,1,1,1547.46,0
12,0,4,7405,214,43,3,1,1,1156.28,0
9,0,0,1780,28,28,2,1,2,207.45,0
11,0,0,1615,41,25,3,1,2,229.8,0
9,1,0,905,28,17,2,1,2,167.445,1
12,0,3,8413,412,60,3,1,1,1990.24,0
16,0,4,12370,39,64,4,1,1,411.0,0
17,0,4,7623,136,54,2,2,1,959.13,0
32,1,0,1860,44,34,3,1,2,252.92,1
30,0,1,11340,29,59,5,1,1,215.235,0
22,0,4,6723,54,41,3,1,1,489.48,0
10,0,3,3745,28,31,3,1,1,263.32,0
18,1,0,3895,37,33,3,1,2,306.08,1
18,0,0,3173,62,48,4,1,2,235.825,1
9,0,0,1038,28,19,3,1,2,154.24,1
10,0,3,2573,28,23,4,1,1,135.35,0
12,0,4,7690,42,39,5,1,1,180.045,0
9,0,0,1533,37,21,4,1,2,131.4,1
9,0,4,1243,32,19,5,1,1,66.945,0
34,0,6,16980,28,97,2,2,1,901.53,0
15,0,6,7870,299,50,3,2,1,1516.08,0
11,0,3,4623,30,45,3,1,1,308.84,0
12,1,0,2570,66,37,4,1,2,230.75,1
15,0,3,3685,203,40,2,1,1,1082.43,0
13,0,4,2220,221,28,3,2,1,974.88,0
13,0,3,2473,58,85,5,1,1,124.92,0
20,0,0,1605,38,24,3,1,2,217.84,0
9,0,0,1730,49,20,4,1,2,166.4,0
19,0,3,2130,47,30,2,1,1,309.51,0
11,0,3,4130,36,40,3,1,1,312.28,0
11,0,3,2600,56,31,3,1,1,329.68,0
25,0,4,7298,113,59,2,2,1,843.975,0
21,0,3,9838,101,57,5,1,1,301.875,0
17,0,6,3758,59,36,3,2,1,388.76,0
11,0,4,5295,243,27,3,2,1,1186.04,0
12,1,4,2393,28,24,3,1,1,209.12,1
9,0,0,4075,7,4,3,1,1,193.68,0
5,0,0,305,7,2,3,1,2,40.44,0
11,0,0,2158,345,11,3,1,1,1468.56,0
11,0,0,3903,7,22,1,1,1,256.575,0
5,0,0,2098,7,20,2,1,1,128.34,0
12,0,0,3480,18,15,3,1,1,214.32,0
5,0,0,2065,271,5,3,1,1,1168.0,0
14,0,1,8820,130,30,3,1,1,877.48,0
8,0,0,13478,7,31,3,1,1,573.72,0
8,0,0,4220,7,12,3,1,1,199.96,0
7,0,1,5623,7,17,3,1,1,256.56,0
10,0,0,1943,7,4,3,1,2,107.72,0
26,0,2,14845,40,19,3,1,1,762.64,0
5,0,1,2800,469,9,3,1,1,1988.92,0
10,0,0,15190,136,17,2,1,1,1303.56,0
5,0,0,6205,172,13,3,1,1,939.48,0
5,0,0,580,7,2,2,1,2,58.05,0
5,0,0,415,7,2,3,1,2,45.0,0
5,0,0,7213,370,30,3,1,1,1773.44,0
8,0,0,11170,7,34,4,1,1,300.5,0
9,0,0,6423,94,24,2,1,1,715.23,0
24,0,0,660,7,4,3,1,2,56.12,1
22,0,7,10140,7,29,5,1,1,163.935,0
14,0,0,5523,12,11,2,1,1,306.765,1
5,0,1,2545,7,6,3,1,1,130.52,0
10,0,0,2695,7,3,3,1,2,137.28,1
10,0,0,1973,20,18,3,1,2,160.52,1
5,1,0,305,7,2,3,1,2,40.44,1
5,0,1,1373,7,2,4,1,1,52.35,0
5,0,0,6490,7,9,5,1,1,109.245,0
5,0,0,305,7,2,4,1,2,25.275,1
5,0,0,305,7,2,5,1,1,15.165,0
26,0,2,15780,7,67,2,1,1,752.13,0
7,0,2,6670,257,20,3,2,1,1299.28,0
5,0,0,3423,7,15,3,1,1,168.04,0
5,0,0,1370,24,7,3,1,2,152.4,0
7,0,0,2485,161,10,2,1,1,838.53,0
5,0,1,1020,179,2,3,2,1,758.08,0
5,0,0,1273,16,55,4,1,1,72.7,0
12,0,0,405,7,2,3,1,2,45.04,0
5,0,0,305,7,2,4,1,2,25.275,0
11,0,1,930,7,2,2,1,1,74.61,0
5,0,0,2930,7,10,3,1,1,147.48,0
5,0,1,1400,14,2,2,1,1,126.99,0
17,0,0,6098,71,29,2,2,1,600.075,0
13,0,0,8638,59,27,5,1,1,220.575,0
9,0,2,2558,17,6,3,1,1,171.96,0
5,0,1,4095,201,25,3,1,1,969.24,0
5,1,1,1193,7,2,3,1,1,76.32,1
13,0,2,4790,44,23,3,1,1,370.92,0
5,0,0,738,46,10,3,1,2,214.2,0
15,0,2,2873,398,30,3,1,1,1709.8,0
15,0,2,4618,40,41,1,1,1,478.28,0
8,0,2,2813,41,39,2,1,1,314.235,0
16,0,3,4195,71,34,3,1,1,455.56,0
9,0,2,2780,324,24,4,1,1,880.775,0
18,0,4,9535,183,49,3,1,1,1118.72,0
12,0,2,14193,39,50,3,1,1,730.96,0
12,0,3,4935,41,31,4,1,1,228.25,0
11,0,2,6338,46,18,3,1,1,441.8,0
14,1,0,2658,47,23,4,1,2,185.6,0
30,0,5,15560,93,38,3,1,1,1003.88,0
9,0,3,3515,522,14,4,1,1,1393.85,0
14,0,2,15905,189,36,3,1,1,1399.96,0
8,0,3,6920,225,32,4,1,1,737.95,0
5,0,0,1295,39,17,3,1,2,208.84,0
7,0,0,1130,52,14,3,1,2,254.24,0
5,0,0,420,39,6,3,1,2,173.28,1
8,0,2,7928,423,49,3,1,1,2014.68,0
12,0,3,11885,50,53,4,1,1,426.275,0
13,0,3,7138,147,43,3,1,1,877.0,0
28,1,0,1375,55,23,3,1,2,277.36,1
26,0,10,10855,40,48,5,2,1,224.4,0
18,0,3,6238,65,30,3,1,1,513.92,0
6,0,2,3260,39,20,4,1,1,179.85,0
14,0,0,3410,48,22,3,1,2,330.52,1
14,1,0,2688,73,37,4,1,2,251.1,1
5,0,0,553,39,8,3,1,2,178.68,1
6,0,2,2088,39,12,4,1,1,150.625,0
8,0,3,7205,53,28,5,1,1,189.21,0
5,0,0,1048,48,10,4,1,2,146.675,1
5,0,3,758,43,8,5,1,1,76.11,0
30,0,5,16495,39,86,2,2,1,929.025,0
11,0,5,7385,310,39,3,2,1,1540.52,0
7,0,2,4138,41,34,3,1,1,333.28,0
8,0,0,2085,77,26,4,1,2,246.025,0
11,0,2,3200,214,29,3,1,1,986.6,0
9,0,3,1735,232,17,3,2,1,999.32,0
9,0,2,1988,69,74,5,1,1,134.085,0
16,0,0,1120,49,13,3,1,2,242.28,0
5,0,0,1245,60,9,4,1,2,181.675,0
15,0,2,1645,58,19,2,1,1,337.005,0
7,0,2,3645,47,29,4,1,1,210.45,0
7,0,2,2115,67,20,3,1,1,354.12,0
21,0,3,6813,124,48,2,2,1,871.47,0
17,0,2,9353,112,46,5,1,1,311.04,0
13,0,5,3273,70,25,4,1,1,258.25,0
7,0,3,4810,254,16,3,1,1,1210.48,0
8,1,3,1908,39,13,3,1,1,233.56,1
13,0,0,4560,7,15,2,1,1,239.895,0
5,0,0,305,7,2,2,1,2,45.495,0
15,0,0,2643,334,22,2,1,1,1624.635,0
15,0,0,4388,7,33,1,1,1,283.47,0
8,0,0,2583,7,31,1,1,1,183.755,0
16,0,1,3965,7,26,3,1,1,189.88,0
9,0,0,2550,260,16,3,1,1,1143.56,0
18,0,2,9305,119,41,3,1,1,853.04,0
12,0,0,13963,7,42,3,1,1,593.28,0
12,0,1,4705,7,23,3,1,1,219.52,0
11,0,0,6108,7,10,2,1,1,310.635,0
14,1,0,2428,7,15,3,1,2,127.28,0
30,0,3,15330,29,30,3,1,1,738.2,0
9,0,1,3285,458,6,3,1,1,1964.48,0
14,0,0,15675,125,28,2,1,1,1276.065,0
8,0,1,6690,161,24,3,1,1,915.04,0
5,0,0,1065,7,9,2,1,2,80.055,0
7,0,0,900,7,6,2,1,2,72.63,0
5,0,0,305,7,2,2,1,2,45.495,1
8,0,0,7698,359,41,2,1,1,1967.625,0
12,0,1,11655,7,45,3,1,1,500.36,0
13,0,1,6908,83,35,2,1,1,687.735,0
28,1,0,1145,7,15,2,1,2,85.14,1
26,0,8,10625,7,40,4,1,1,285.45,0
18,0,1,6008,7,22,2,1,1,306.27,1
6,0,0,3030,7,12,3,1,1,150.08,0
14,0,0,3180,7,14,3,1,2,156.84,1
14,0,0,2458,9,29,3,1,2,136.08,1
5,1,0,305,7,2,3,1,2,40.44,1
6,0,0,1858,7,4,3,1,1,103.32,0
8,0,1,6975,7,20,4,1,1,194.3,0
5,0,0,818,7,2,4,1,2,38.125,1
5,0,1,305,7,2,5,1,1,15.165,0
30,0,3,16265,7,78,2,1,1,774.135,0
11,0,3,7155,246,31,2,2,1,1434.195,0
7,0,0,3908,7,26,2,1,1,211.05,0
8,0,0,1855,13,18,3,1,2,127.96,0
11,0,0,2970,150,21,2,1,1,811.035,0
9,0,1,1505,168,9,2,2,1,825.345,0
9,0,0,1758,7,66,4,1,1,62.425,0
16,0,0,890,7,5,2,1,2,72.675,0
5,0,0,1015,7,2,4,1,2,43.125,0
15,0,0,1415,7,11,2,1,1,96.615,0
7,0,0,3415,7,21,3,1,1,167.04,0
7,0,0,1885,7,12,2,1,1,117.495,0
21,0,1,6583,60,40,1,2,1,699.82,0
17,0,0,9123,48,38,4,1,1,352.35,0
13,0,3,3043,7,17,3,1,1,151.52,0
7,0,1,4580,190,8,3,1,1,944.8,0
8,0,1,1678,7,5,3,1,1,95.88,1
15,0,1,4865,21,22,3,1,1,281.72,0
7,0,0,813,23,9,3,1,2,125.0,0
17,0,1,2948,375,29,3,1,1,1620.6,0
17,0,1,4693,17,40,1,1,1,355.63,0
10,0,1,2888,18,38,2,1,1,213.885,0
18,0,2,4270,48,33,3,1,1,366.36,0
11,0,1,2855,301,23,3,1,1,1320.04,0
20,0,3,9610,160,48,3,1,1,1029.52,0
14,0,1,14268,16,49,3,1,1,641.76,0
14,0,2,5010,18,30,3,1,1,276.0,0
13,0,1,6413,23,17,3,1,1,352.6,0
16,0,0,2733,24,22,3,1,2,207.76,0
32,1,4,15635,70,37,3,1,1,914.68,0
11,0,2,3590,499,13,3,1,1,2140.96,0
16,0,1,15980,166,35,2,1,1,1474.605,0
10,0,2,6995,202,31,3,1,1,1091.52,0
7,0,0,1370,16,16,2,1,2,134.595,0
9,0,0,1205,29,13,3,1,2,165.04,0
7,0,0,495,16,5,2,1,2,94.59,1
10,0,1,8003,400,48,3,1,1,1925.48,0
14,0,2,11960,27,52,4,1,1,370.525,0
15,0,2,7213,124,42,2,1,1,886.275,0
30,1,0,1450,32,22,3,1,2,188.16,1
28,0,9,10930,17,47,5,1,1,190.95,0
20,0,2,6313,42,29,2,1,1,477.81,0
8,0,1,3335,16,19,3,1,1,198.56,0
16,1,0,3485,25,21,3,1,2,241.32,1
16,1,0,2763,50,36,4,1,2,195.35,1
7,0,0,628,16,7,3,1,2,89.48,1
8,0,1,2163,16,11,4,1,1,94.875,0
10,0,2,7280,30,27,5,1,1,155.76,0
7,0,0,1123,25,9,4,1,2,90.925,1
7,0,2,833,20,7,5,1,1,42.66,0
32,0,4,16570,16,85,2,2,1,828.675,0
13,0,4,7460,287,38,3,2,1,1451.32,0
9,0,1,4213,18,33,3,1,1,244.08,0
10,0,0,2160,54,25,3,1,2,304.44,0
13,0,1,3275,191,28,2,1,1,1009.575,0
11,0,2,1810,209,16,3,2,1,910.12,0
11,0,1,2063,46,73,5,1,1,100.635,0
18,0,0,1195,26,12,3,1,2,153.08,0
7,0,0,1320,37,8,4,1,2,125.925,0
17,0,1,1720,35,18,2,1,1,236.655,0
9,0,1,3720,24,28,3,1,1,247.52,0
9,0,1,2190,44,19,3,1,1,264.92,0
23,0,2,6887,101,47,2,2,1,771.075,0
19,0,1,9427,89,45,5,1,1,277.575,0
15,0,4,3347,47,24,3,1,1,323.96,0
9,0,2,4885,231,15,3,1,1,1121.28,0
10,1,2,1982,16,12,3,1,1,144.32,1
11,0,1,4485,3,16,3,1,1,194.44,0
3,0,0,433,5,3,3,1,2,37.72,0
13,0,1,2568,357,23,3,1,1,1533.32,0
13,0,1,4313,0,34,1,1,1,241.12,0
6,0,1,2508,0,32,2,1,1,115.695,0
14,0,2,3890,30,27,3,1,1,279.08,0
7,0,1,2475,283,17,3,1,1,1232.76,0
16,0,3,9230,142,42,3,1,1,942.24,0
10,0,1,13888,0,43,3,1,1,562.48,0
10,0,2,4630,0,24,3,1,1,188.72,0
9,0,1,6033,5,11,3,1,1,265.32,0
12,1,0,2353,6,16,3,1,2,120.48,0
28,0,4,15255,52,31,3,1,1,827.4,0
7,0,2,3210,481,7,3,1,1,2053.68,0
12,0,1,15600,148,29,2,1,1,1376.415,0
6,0,2,6615,184,25,3,1,1,1004.24,0
3,0,0,990,0,10,2,1,2,45.405,0
5,0,0,825,11,7,3,1,2,77.76,0
6,0,1,7623,382,42,3,1,1,1838.2,0
10,0,2,11580,9,46,4,1,1,315.975,0
11,0,2,6833,106,36,2,1,1,788.085,0
26,1,0,1070,14,16,3,1,2,100.88,1
24,0,9,10550,0,41,5,1,1,159.72,0
16,0,2,5933,24,23,2,1,1,379.62,0
4,0,1,2955,0,13,3,1,1,119.28,0
12,0,0,3105,7,15,3,1,2,154.04,1
12,0,0,2383,32,30,4,1,2,140.8,1
3,0,0,248,0,1,3,1,2,10.2,1
4,0,1,1783,0,5,4,1,1,45.325,0
6,0,2,6900,12,21,5,1,1,123.03,0
3,0,0,743,7,3,4,1,2,36.375,1
3,0,2,453,2,1,5,1,1,9.93,0
28,0,4,16190,0,79,2,2,1,739.485,0
9,0,4,7080,269,32,3,2,1,1364.04,0
5,0,1,3833,0,27,3,1,1,156.8,0
6,0,0,1780,36,19,3,1,2,217.16,0
9,0,1,2895,173,22,2,1,1,911.385,0
7,0,2,1430,191,10,3,2,1,822.84,0
7,0,1,1683,28,67,5,1,1,67.905,0
14,0,0,815,8,6,3,1,2,65.8,0
3,0,0,940,19,2,4,1,2,71.375,0
13,0,1,1340,17,12,2,1,1,138.465,0
5,0,1,3340,6,22,3,1,1,160.24,0
5,0,1,1810,26,13,3,1,1,177.64,0
19,0,2,6507,83,41,2,2,1,672.885,0
15,0,1,9047,71,39,5,1,1,244.845,0
11,0,4,2967,29,18,3,1,1,236.68,0
5,0,2,4505,213,9,3,1,1,1034.0,0
6,1,2,1602,0,6,3,1,1,65.04,1
11,0,0,4675,4,18,2,1,1,231.57,0
3,0,0,623,6,5,2,1,2,55.26,0
13,0,0,2758,358,25,2,1,1,1737.81,0
13,0,0,4503,0,36,1,1,1,251.295,0
6,0,0,2698,1,34,1,1,1,157.08,0
14,0,1,4080,31,29,3,1,1,290.48,0
7,0,0,2665,284,19,3,1,1,1244.16,0
16,0,2,9420,143,44,3,1,1,953.64,0
10,0,0,14078,0,45,3,1,1,569.88,0
10,0,1,4820,1,26,3,1,1,200.12,0
9,0,0,6223,6,13,2,1,1,311.31,0
12,0,0,2543,7,18,3,1,2,131.88,0
28,0,3,15445,53,33,3,1,1,838.8,0
7,0,1,3400,482,9,3,1,1,2065.08,0
12,0,0,15790,149,31,2,1,1,1389.24,0
6,0,1,6805,185,27,3,1,1,1015.64,0
3,0,0,1180,0,12,2,1,2,53.73,0
5,0,0,1015,12,9,2,1,2,100.305,0
6,0,0,7813,383,44,2,1,1,2080.8,0
10,0,1,11770,10,48,3,1,1,516.96,0
11,0,1,7023,107,38,2,1,1,800.91,0
26,1,0,1260,15,18,2,1,2,126.315,1
24,0,8,10740,0,43,4,1,1,270.825,0
16,0,1,6123,25,25,2,1,1,392.445,1
4,0,0,3145,0,15,3,1,1,126.68,0
12,1,0,3295,8,17,3,1,2,165.44,1
12,0,0,2573,33,32,3,1,2,236.68,1
3,0,0,438,0,3,3,1,2,17.6,1
4,0,0,1973,0,7,3,1,1,79.92,0
6,0,1,7090,13,23,4,1,1,212.175,0
3,0,0,933,8,5,4,1,2,43.5,1
3,0,1,643,3,3,5,1,1,14.205,0
28,0,3,16380,0,81,2,1,1,747.81,0
9,0,3,7270,270,34,2,2,1,1547.37,0
5,0,0,4023,1,29,2,1,1,189.225,0
6,0,0,1970,37,21,3,1,2,228.56,0
9,0,0,3085,174,24,2,1,1,924.21,0
7,0,1,1620,192,12,2,2,1,938.52,0
7,0,0,1873,29,69,4,1,1,120.3,0
14,0,0,1005,9,8,2,1,2,86.85,0
3,0,0,1130,20,4,4,1,2,78.5,0
13,0,0,1530,18,14,2,1,1,151.29,0
5,0,0,3530,7,24,3,1,1,171.64,0
5,0,0,2000,27,15,2,1,1,212.67,0
19,0,1,6697,84,43,1,2,1,838.09,0
15,0,0,9237,72,41,4,1,1,415.2,0
11,0,3,3157,30,20,3,1,1,248.08,0
5,0,1,4695,214,11,3,1,1,1045.4,0
6,0,1,1792,0,8,3,1,1,72.44,1
15,0,2,4675,20,20,3,1,1,270.32,0
7,0,0,623,22,7,3,1,2,113.6,0
17,0,2,2758,374,27,3,1,1,1609.2,0
17,0,2,4503,16,38,1,1,1,339.955,0
10,0,2,2698,17,36,2,1,1,201.06,0
18,0,3,4080,47,31,3,1,1,354.96,0
11,0,2,2665,300,21,4,1,1,817.9,0
20,0,4,9420,159,46,3,1,1,1018.12,0
14,0,2,14078,15,47,3,1,1,630.36,0
14,0,3,4820,17,28,4,1,1,165.375,0
13,0,2,6223,22,15,3,1,1,341.2,0
16,0,0,2543,23,20,4,1,2,122.725,0
32,0,5,15445,69,35,3,2,1,903.28,0
11,0,3,3400,498,11,4,1,1,1330.975,0
16,0,2,15790,165,33,3,1,1,1299.36,0
10,0,3,6805,201,29,4,1,1,675.075,0
7,0,0,1180,15,14,3,1,2,108.24,0
9,0,0,1015,28,11,3,1,2,153.64,0
7,0,0,305,15,3,3,1,2,72.68,1
10,0,2,7813,399,46,3,1,1,1914.08,0
14,0,3,11770,26,50,4,1,1,363.4,0
15,0,3,7023,123,40,3,1,1,776.4,0
30,1,0,1260,31,20,3,1,2,176.76,1
28,0,10,10740,16,45,5,2,1,186.675,0
20,0,3,6123,41,27,3,1,1,413.32,0
8,0,2,3145,15,17,4,1,1,116.975,0
16,1,0,3295,24,19,3,1,2,229.92,1
16,1,0,2573,49,34,4,1,2,188.225,1
7,0,0,438,15,5,3,1,2,78.08,1
8,0,2,1973,15,9,4,1,1,87.75,0
10,0,3,7090,29,25,5,1,1,151.485,0
7,0,0,933,24,7,4,1,2,83.8,1
7,0,3,643,19,5,5,1,1,38.385,0
32,0,5,16380,15,83,2,2,1,815.85,0
13,0,5,7270,286,36,3,2,1,1439.92,0
9,0,2,4023,17,31,3,1,1,232.68,0
10,0,0,1970,53,23,4,1,2,183.15,0
13,0,2,3085,190,26,3,1,1,886.0,0
11,0,3,1620,208,14,3,2,1,898.72,0
11,0,2,1873,45,71,5,1,1,96.36,0
18,0,0,1005,25,10,3,1,2,141.68,0
7,0,0,1130,36,6,4,1,2,118.8,0
17,0,2,1530,34,16,2,1,1,223.83,0
9,0,2,3530,23,26,4,1,1,147.575,0
9,0,2,2000,43,17,3,1,1,253.52,0
23,0,3,6697,100,45,2,2,1,758.25,0
19,0,2,9237,88,43,5,1,1,273.3,0
15,0,5,3157,46,22,4,1,1,195.35,0
9,0,3,4695,230,13,3,1,1,1109.88,0
10,0,3,1792,15,10,3,1,1,132.92,1
19,0,2,5385,37,19,3,1,1,366.92,0
11,0,0,1333,22,6,3,1,2,142.2,0
21,0,2,3468,374,26,3,1,1,1637.8,0
21,0,2,5213,16,37,1,1,1,379.28,0
14,0,2,3408,17,35,2,1,1,233.235,0
22,0,3,4790,47,30,3,1,1,383.56,0
15,0,2,3375,300,20,4,1,1,835.775,0
24,0,4,10130,159,45,3,1,1,1046.72,0
18,0,2,14788,15,46,3,1,1,658.96,0
18,0,3,5530,17,27,4,1,1,183.25,0
17,0,2,6933,22,14,3,1,1,369.8,0
20,0,0,3253,23,19,4,1,2,140.6,0
36,0,5,16155,69,34,3,2,1,931.88,0
15,0,3,4110,498,10,4,1,1,1348.85,0
20,0,2,16500,165,32,2,1,1,1493.955,0
14,0,3,7515,201,28,3,1,1,1108.72,0
11,0,0,1890,15,13,2,1,2,153.945,0
13,0,0,1725,28,10,3,1,2,182.24,0
11,0,0,1015,15,2,3,1,2,101.28,1
14,0,2,8523,399,45,3,1,1,1942.68,0
18,0,3,12480,26,49,4,1,1,381.275,0
19,0,3,7733,123,39,2,1,1,905.625,0
34,1,0,1970,31,19,3,2,2,205.36,1
32,0,10,11450,16,44,5,1,1,197.4,0
24,0,3,6833,41,26,3,1,1,441.92,0
12,0,2,3855,15,16,3,1,1,215.76,0
20,1,0,4005,24,18,3,1,2,258.52,1
20,1,0,3283,49,33,4,1,2,206.1,1
11,0,0,1148,15,4,3,1,2,106.68,1
12,0,2,2683,15,8,4,1,1,105.625,0
14,0,3,7800,29,24,5,1,1,162.21,0
11,0,0,1643,24,6,4,1,2,101.675,1
11,0,3,1353,19,4,5,1,1,49.11,0
36,0,5,17090,15,82,2,2,1,848.025,0
17,0,5,7980,286,35,3,2,1,1468.52,0
13,0,2,4733,17,30,3,1,1,261.28,0
14,0,0,2680,53,22,4,1,2,201.025,0
17,0,2,3795,190,25,2,1,1,1028.925,0
15,0,3,2330,208,13,3,2,1,927.32,0
15,0,2,2583,45,70,5,1,1,107.085,0
22,1,0,1715,25,9,3,1,2,170.28,1
11,0,0,1840,36,5,4,1,2,136.675,0
21,0,2,2240,34,15,2,1,1,256.005,0
13,0,2,4240,23,25,3,1,1,264.72,0
13,0,2,2710,43,16,3,1,1,282.12,0
27,0,3,7407,100,44,2,2,1,790.425,0
23,0,2,9947,88,42,5,1,1,284.025,0
19,0,5,3867,46,21,3,1,1,341.16,0
13,0,3,5405,230,12,3,1,1,1138.48,0
14,1,3,2502,15,9,3,1,1,161.52,1
7,0,0,3965,0,19,3,1,1,161.24,0
9,0,0,2048,341,26,3,1,1,1448.12,0
9,0,0,3793,0,37,1,1,1,211.97,0
2,0,0,1988,0,35,2,1,1,91.845,0
10,0,1,3370,14,30,3,1,1,193.88,0
3,0,0,1955,267,20,3,1,1,1147.56,0
12,0,2,8710,126,45,3,1,1,857.04,0
6,0,0,13368,0,46,3,1,1,541.28,0
6,0,1,4110,0,27,3,1,1,167.52,0
5,0,0,5513,0,14,3,1,1,224.12,0
8,0,0,1833,0,19,3,1,2,75.28,0
24,0,3,14735,36,34,3,1,1,742.2,0
3,0,1,2690,465,10,3,1,1,1968.48,0
8,0,0,15080,132,32,2,1,1,1280.565,0
2,0,1,6095,168,28,3,1,1,919.04,0
0,0,0,470,0,13,2,1,2,21.555,0
1,0,0,305,0,10,3,1,2,12.56,0
2,0,0,7103,366,45,3,1,1,1753.0,0
6,0,1,11060,0,49,4,1,1,280.225,0
7,0,1,6313,90,39,2,1,1,692.235,0
22,0,0,550,0,19,3,1,2,23.68,1
20,0,8,10030,0,44,5,1,1,151.77,0
12,0,1,5413,8,26,2,1,1,283.77,1
0,0,0,2435,0,16,3,1,1,98.08,0
8,1,0,2585,0,18,3,1,2,104.84,1
8,0,0,1863,16,33,3,1,2,140.08,1
0,0,0,1263,0,8,4,1,1,32.075,0
2,0,1,6380,0,24,5,1,1,97.08,0
0,0,0,223,0,6,4,1,2,5.625,1
24,1,3,15670,0,82,2,1,1,715.635,0
5,0,3,6560,253,35,2,2,1,1438.695,0
1,0,0,3313,0,30,3,1,1,135.6,0
2,0,0,1260,20,22,3,1,2,131.96,0
5,0,0,2375,157,25,2,1,1,815.535,0
3,0,1,910,175,13,2,2,1,829.845,0
3,0,0,1163,12,70,4,1,1,59.925,0
10,0,0,295,0,9,3,1,2,12.6,0
0,0,0,420,3,5,4,1,2,18.125,0
9,0,0,820,1,15,2,1,1,42.615,0
1,0,0,2820,0,25,3,1,1,115.04,0
1,0,0,1290,10,16,2,1,1,103.995,0
15,0,1,5987,67,44,2,2,1,577.035,0
11,0,0,8527,55,42,5,1,1,212.895,0
7,0,3,2447,13,21,3,1,1,151.48,0
1,0,1,3985,197,12,3,1,1,948.8,0
2,1,1,1082,0,9,3,1,1,43.84,1
14,0,0,2543,15,19,3,1,2,164.12,0
30,0,4,15445,61,34,3,1,1,871.04,0
28,1,0,1260,23,19,3,1,2,144.52,1
14,0,0,2573,41,33,4,1,2,168.075,1
21,0,2,6697,92,44,2,2,1,721.98,0
17,0,1,9237,80,42,5,1,1,261.21,0
13,0,4,3157,38,21,3,1,1,280.32,0
8,1,2,1792,7,9,3,1,1,100.68,1
26,0,9,10740,8,44,5,2,1,174.585,0
5,1,0,933,16,6,4,1,2,63.65,1
